Theme;Health;Health;Health;Economic security;Safety;Safety;Education;Children;Families;Access;Environ-ment;Happiness;;;;;;;;;;;;;;;;;;;;
Indicator name;Life Expectancy;Childhood Obesity;Incapacity Benefits claimant rate;Unemployment rate;Crime rate;Deliberate Fires;GCSE point scores;Unauthorised Pupil Absence;Children in out-of-work households;Public Transport Accessibility Scores;Access to public open space & nature;Subjective well-being average score;;;;;;;;;;;;;;;;;;;;
Importance;0;0;0;0;0;0;0;0;0;0;0;1;;;;;;;;;;;;;;;;;;;;
"
10 = very important and 
0 = not important at all";;;;;;;;;;;;;;;;;;;;;;;;;;;;;;;;
;;;;;Overall well-being probability score (E&W = 0);;;;;;;;;;;;;;;;;;;;;;;;;;;
Borough name;Ward Code;Ward name;;;2009;2010;2011;2012;2013;;;;;;;;;;;;;;;;;;;;;;;
City of London;E09000001;City of London;;;0;0;0;0;0;;0,0;;;;0;0;0;0;0;;;;;;;;;;;;;
Barking and Dagenham;E05000026;Abbey;;;8;8;8;8;6;;-0,5;;;;0;0;0;-2;;;;;;;;;;;;;;
Barking and Dagenham;E05000027;Alibon;;;-9;-9;-9;-9;-5;;1,0;;;;0;0;0;4;;;;;;;;;;;;;;
Barking and Dagenham;E05000028;Becontree;;;-1;-1;-1;-1;-5;;-1,0;;;;0;0;0;-4;;;;;;;;;;;;;;
Barking and Dagenham;E05000029;Chadwell Heath;;;-17;-17;-17;-17;-5;;3,0;;;;0;0;0;12;;;;;;;;;;;;;;
Barking and Dagenham;E05000030;Eastbrook;;;8;8;8;8;-5;;-3,1;;;;0;0;0;-13;;;;;;;;;;;;;;
Barking and Dagenham;E05000031;Eastbury;;;15;15;15;15;6;;-2,2;;;;0;0;0;-9;;;;;;;;;;;;;;
Barking and Dagenham;E05000032;Gascoigne;;;6;6;6;6;6;;0,1;;;;0;0;0;0;;;;;;;;;;;;;;
Barking and Dagenham;E05000033;Goresbrook;;;-22;-22;-22;-22;6;;7,1;;;;0;0;0;28;;;;;;;;;;;;;;
Barking and Dagenham;E05000034;Heath;;;-5;-5;-5;-5;-5;;0,1;;;;0;0;0;1;;;;;;;;;;;;;;
Barking and Dagenham;E05000035;Longbridge;;;15;15;15;15;6;;-2,2;;;;0;0;0;-9;;;;;;;;;;;;;;
Barking and Dagenham;E05000036;Mayesbrook;;;-1;-1;-1;-1;-5;;-0,9;;;;0;0;0;-4;;;;;;;;;;;;;;
Barking and Dagenham;E05000037;Parsloes;;;21;21;21;21;-5;;-6,4;;;;0;0;0;-26;;;;;;;;;;;;;;
Barking and Dagenham;E05000038;River;;;-7;-7;-7;-7;-5;;0,5;;;;0;0;0;2;;;;;;;;;;;;;;
Barking and Dagenham;E05000039;Thames;;;1;1;1;1;6;;1,4;;;;0;0;0;5;;;;;;;;;;;;;;
Barking and Dagenham;E05000040;Valence;;;-4;-4;-4;-4;-5;;-0,2;;;;0;0;0;-1;;;;;;;;;;;;;;
Barking and Dagenham;E05000041;Village;;;-17;-17;-17;-17;-5;;3,1;;;;0;0;0;12;;;;;;;;;;;;;;
Barking and Dagenham;E05000042;Whalebone;;;3;3;3;3;-5;;-2,1;;;;0;0;0;-8;;;;;;;;;;;;;;
Barnet;E05000043;Brunswick Park;;;-3;-3;-3;-3;-14;;-2,6;;;;0;0;0;-11;;;;;;;;;;;;;;
Barnet;E05000044;Burnt Oak;;;-7;-7;-7;-7;-14;;-2,0;;;;0;0;0;-8;;;;;;;;;;;;;;
Barnet;E05000045;Childs Hill;;;-5;-5;-5;-5;-12;;-1,8;;;;0;0;0;-7;;;;;;;;;;;;;;
Barnet;E05000046;Colindale;;;-16;-16;-16;-16;-14;;0,4;;;;0;0;0;2;;;;;;;;;;;;;;
Barnet;E05000047;Coppetts;;;-18;-18;-18;-18;-14;;1,2;;;;0;0;0;5;;;;;;;;;;;;;;
Barnet;E05000048;East Barnet;;;-11;-11;-11;-11;-12;;-0,2;;;;0;0;0;-1;;;;;;;;;;;;;;
Barnet;E05000049;East Finchley;;;-8;-8;-8;-8;-14;;-1,5;;;;0;0;0;-6;;;;;;;;;;;;;;
Barnet;E05000050;Edgware;;;-15;-15;-15;-15;-14;;0,2;;;;0;0;0;1;;;;;;;;;;;;;;
Barnet;E05000051;Finchley Church End;;;-12;-12;-12;-12;-14;;-0,5;;;;0;0;0;-2;;;;;;;;;;;;;;
Barnet;E05000052;Garden Suburb;;;-2;-2;-2;-2;-12;;-2,7;;;;0;0;0;-11;;;;;;;;;;;;;;
Barnet;E05000053;Golders Green;;;-14;-14;-14;-14;-12;;0,5;;;;0;0;0;2;;;;;;;;;;;;;;
Barnet;E05000054;Hale;;;-16;-16;-16;-16;-14;;0,4;;;;0;0;0;2;;;;;;;;;;;;;;
Barnet;E05000055;Hendon;;;-22;-22;-22;-22;-12;;2,3;;;;0;0;0;9;;;;;;;;;;;;;;
Barnet;E05000056;High Barnet;;;1;1;1;1;-12;;-3,3;;;;0;0;0;-13;;;;;;;;;;;;;;
Barnet;E05000057;Mill Hill;;;-15;-15;-15;-15;-14;;0,1;;;;0;0;0;1;;;;;;;;;;;;;;
Barnet;E05000058;Oakleigh;;;-8;-8;-8;-8;-12;;-1,0;;;;0;0;0;-4;;;;;;;;;;;;;;
Barnet;E05000059;Totteridge;;;-4;-4;-4;-4;-12;;-1,9;;;;0;0;0;-8;;;;;;;;;;;;;;
Barnet;E05000060;Underhill;;;-3;-3;-3;-3;-12;;-2,2;;;;0;0;0;-9;;;;;;;;;;;;;;
Barnet;E05000061;West Finchley;;;-17;-17;-17;-17;-14;;0,8;;;;0;0;0;3;;;;;;;;;;;;;;
Barnet;E05000062;West Hendon;;;-15;-15;-15;-15;-12;;0,7;;;;0;0;0;3;;;;;;;;;;;;;;
Barnet;E05000063;Woodhouse;;;7;7;7;7;-14;;-5,1;;;;0;0;0;-20;;;;;;;;;;;;;;
Bexley;E05000064;Barnehurst;;;0;0;0;0;9;;2,1;;;;0;0;0;8;;;;;;;;;;;;;;
Bexley;E05000065;Belvedere;;;14;14;14;14;8;;-1,6;;;;0;0;0;-6;;;;;;;;;;;;;;
Bexley;E05000066;Blackfen and Lamorbey;;;13;13;13;13;8;;-1,3;;;;0;0;0;-5;;;;;;;;;;;;;;
Bexley;E05000067;Blendon and Penhill;;;14;14;14;14;8;;-1,3;;;;0;0;0;-5;;;;;;;;;;;;;;
Bexley;E05000068;Brampton;;;1;1;1;1;9;;1,9;;;;0;0;0;8;;;;;;;;;;;;;;
Bexley;E05000069;Christchurch;;;12;12;12;12;9;;-0,9;;;;0;0;0;-4;;;;;;;;;;;;;;
Bexley;E05000070;Colyers;;;8;8;8;8;8;;-0,1;;;;0;0;0;0;;;;;;;;;;;;;;
Bexley;E05000071;Crayford;;;-5;-5;-5;-5;8;;3,3;;;;0;0;0;13;;;;;;;;;;;;;;
Bexley;E05000072;Cray Meadows;;;-9;-9;-9;-9;8;;4,4;;;;0;0;0;18;;;;;;;;;;;;;;
Bexley;E05000073;Danson Park;;;14;14;14;14;9;;-1,4;;;;0;0;0;-6;;;;;;;;;;;;;;
Bexley;E05000074;East Wickham;;;4;4;4;4;9;;1,0;;;;0;0;0;4;;;;;;;;;;;;;;
Bexley;E05000075;Erith;;;13;13;13;13;8;;-1,4;;;;0;0;0;-6;;;;;;;;;;;;;;
Bexley;E05000076;Falconwood and Welling;;;16;16;16;16;9;;-1,8;;;;0;0;0;-7;;;;;;;;;;;;;;
Bexley;E05000077;Lesnes Abbey;;;9;9;9;9;8;;-0,4;;;;0;0;0;-1;;;;;;;;;;;;;;
Bexley;E05000078;Longlands;;;8;8;8;8;8;;0,1;;;;0;0;0;0;;;;;;;;;;;;;;
Bexley;E05000079;North End;;;-16;-16;-16;-16;8;;6,0;;;;0;0;0;24;;;;;;;;;;;;;;
Bexley;E05000080;Northumberland Heath;;;16;16;16;16;8;;-2,1;;;;0;0;0;-8;;;;;;;;;;;;;;
Bexley;E05000081;St Mary's;;;14;14;14;14;8;;-1,3;;;;0;0;0;-5;;;;;;;;;;;;;;
Bexley;E05000082;St Michael's;;;11;11;11;11;9;;-0,5;;;;0;0;0;-2;;;;;;;;;;;;;;
Bexley;E05000083;Sidcup;;;-6;-6;-6;-6;8;;3,5;;;;0;0;0;14;;;;;;;;;;;;;;
Bexley;E05000084;Thamesmead East;;;-2;-2;-2;-2;8;;2,5;;;;0;0;0;10;;;;;;;;;;;;;;
Brent;E05000085;Alperton;;;-5;-5;-5;-5;-13;;-2,1;;;;0;0;0;-8;;;;;;;;;;;;;;
Brent;E05000086;Barnhill;;;-4;-4;-4;-4;-13;;-2,1;;;;0;0;0;-8;;;;;;;;;;;;;;
Brent;E05000087;Brondesbury Park;;;8;8;8;8;-1;;-2,2;;;;0;0;0;-9;;;;;;;;;;;;;;
Brent;E05000088;Dollis Hill;;;-21;-21;-21;-21;-1;;5,0;;;;0;0;0;20;;;;;;;;;;;;;;
Brent;E05000089;Dudden Hill;;;-12;-12;-12;-12;-13;;-0,2;;;;0;0;0;-1;;;;;;;;;;;;;;
Brent;E05000090;Fryent;;;-15;-15;-15;-15;-13;;0,5;;;;0;0;0;2;;;;;;;;;;;;;;
Brent;E05000091;Harlesden;;;13;13;13;13;-13;;-6,4;;;;0;0;0;-26;;;;;;;;;;;;;;
Brent;E05000092;Kensal Green;;;-14;-14;-14;-14;-13;;0,2;;;;0;0;0;1;;;;;;;;;;;;;;
Brent;E05000093;Kenton;;;-7;-7;-7;-7;-13;;-1,4;;;;0;0;0;-6;;;;;;;;;;;;;;
Brent;E05000094;Kilburn;;;-20;-20;-20;-20;-1;;4,7;;;;0;0;0;19;;;;;;;;;;;;;;
Brent;E05000095;Mapesbury;;;10;10;10;10;-1;;-2,8;;;;0;0;0;-11;;;;;;;;;;;;;;
Brent;E05000096;Northwick Park;;;-11;-11;-11;-11;-13;;-0,6;;;;0;0;0;-3;;;;;;;;;;;;;;
Brent;E05000097;Preston;;;-8;-8;-8;-8;-13;;-1,2;;;;0;0;0;-5;;;;;;;;;;;;;;
Brent;E05000098;Queens Park;;;-8;-8;-8;-8;-1;;1,9;;;;0;0;0;8;;;;;;;;;;;;;;
Brent;E05000099;Queensbury;;;-8;-8;-8;-8;-13;;-1,2;;;;0;0;0;-5;;;;;;;;;;;;;;
Brent;E05000100;Stonebridge;;;-18;-18;-18;-18;-13;;1,3;;;;0;0;0;5;;;;;;;;;;;;;;
Brent;E05000101;Sudbury;;;-2;-2;-2;-2;-13;;-2,8;;;;0;0;0;-11;;;;;;;;;;;;;;
Brent;E05000102;Tokyngton;;;-4;-4;-4;-4;-13;;-2,4;;;;0;0;0;-9;;;;;;;;;;;;;;
Brent;E05000103;Welsh Harp;;;-4;-4;-4;-4;-13;;-2,3;;;;0;0;0;-9;;;;;;;;;;;;;;
Brent;E05000104;Wembley Central;;;-16;-16;-16;-16;-13;;0,7;;;;0;0;0;3;;;;;;;;;;;;;;
Brent;E05000105;Willesden Green;;;2;2;2;2;-1;;-0,6;;;;0;0;0;-3;;;;;;;;;;;;;;
Bromley;E05000106;Bickley;;;8;8;8;8;8;;-0,1;;;;0;0;0;-1;;;;;;;;;;;;;;
Bromley;E05000107;Biggin Hill;;;23;23;23;23;23;;0,0;;;;0;0;0;0;;;;;;;;;;;;;;
Bromley;E05000108;Bromley Common and Keston;;;10;10;10;10;23;;3,2;;;;0;0;0;13;;;;;;;;;;;;;;
Bromley;E05000109;Bromley Town;;;7;7;7;7;8;;0,3;;;;0;0;0;1;;;;;;;;;;;;;;
Bromley;E05000110;Chelsfield and Pratts Bottom;;;-4;-4;-4;-4;-3;;0,3;;;;0;0;0;1;;;;;;;;;;;;;;
Bromley;E05000111;Chislehurst;;;9;9;9;9;8;;-0,4;;;;0;0;0;-2;;;;;;;;;;;;;;
Bromley;E05000112;Clock House;;;-5;-5;-5;-5;-1;;1,1;;;;0;0;0;4;;;;;;;;;;;;;;
Bromley;E05000113;Copers Cope;;;4;4;4;4;-1;;-1,3;;;;0;0;0;-5;;;;;;;;;;;;;;
Bromley;E05000114;Cray Valley East;;;-12;-12;-12;-12;-3;;2,1;;;;0;0;0;8;;;;;;;;;;;;;;
Bromley;E05000115;Cray Valley West;;;-13;-13;-13;-13;-3;;2,3;;;;0;0;0;9;;;;;;;;;;;;;;
Bromley;E05000116;Crystal Palace;;;-13;-13;-13;-13;-1;;2,9;;;;0;0;0;12;;;;;;;;;;;;;;
Bromley;E05000117;Darwin;;;9;9;9;9;23;;3,5;;;;0;0;0;14;;;;;;;;;;;;;;
Bromley;E05000118;Farnborough and Crofton;;;16;16;16;16;-3;;-4,7;;;;0;0;0;-19;;;;;;;;;;;;;;
Bromley;E05000119;Hayes and Coney Hall;;;20;20;20;20;23;;0,7;;;;0;0;0;3;;;;;;;;;;;;;;
Bromley;E05000120;Kelsey and Eden Park;;;-7;-7;-7;-7;-1;;1,4;;;;0;0;0;6;;;;;;;;;;;;;;
Bromley;E05000121;Mottingham and Chislehurst North;;;7;7;7;7;8;;0,3;;;;0;0;0;1;;;;;;;;;;;;;;
Bromley;E05000122;Orpington;;;-4;-4;-4;-4;-3;;0,3;;;;0;0;0;1;;;;;;;;;;;;;;
Bromley;E05000123;Penge and Cator;;;-7;-7;-7;-7;-1;;1,5;;;;0;0;0;6;;;;;;;;;;;;;;
Bromley;E05000124;Petts Wood and Knoll;;;3;3;3;3;-3;;-1,6;;;;0;0;0;-6;;;;;;;;;;;;;;
Bromley;E05000125;Plaistow and Sundridge;;;-8;-8;-8;-8;8;;3,9;;;;0;0;0;16;;;;;;;;;;;;;;
Bromley;E05000126;Shortlands;;;7;7;7;7;-1;;-2,0;;;;0;0;0;-8;;;;;;;;;;;;;;
Bromley;E05000127;West Wickham;;;17;17;17;17;23;;1,5;;;;0;0;0;6;;;;;;;;;;;;;;
Camden;E05000128;Belsize;;;2;2;2;2;3;;0,3;;;;0;0;0;1;;;;;;;;;;;;;;
Camden;E05000129;Bloomsbury;;;-8;-8;-8;-8;-7;;0,2;;;;0;0;0;1;;;;;;;;;;;;;;
Camden;E05000130;Camden Town with Primrose Hill;;;3;3;3;3;3;;0,2;;;;0;0;0;1;;;;;;;;;;;;;;
Camden;E05000131;Cantelowes;;;6;6;6;6;3;;-0,7;;;;0;0;0;-3;;;;;;;;;;;;;;
Camden;E05000132;Fortune Green;;;-12;-12;-12;-12;-1;;2,7;;;;0;0;0;11;;;;;;;;;;;;;;
Camden;E05000133;Frognal and Fitzjohns;;;14;14;14;14;-1;;-3,9;;;;0;0;0;-15;;;;;;;;;;;;;;
Camden;E05000134;Gospel Oak;;;-3;-3;-3;-3;3;;1,6;;;;0;0;0;6;;;;;;;;;;;;;;
Camden;E05000135;Hampstead Town;;;-16;-16;-16;-16;-1;;3,7;;;;0;0;0;15;;;;;;;;;;;;;;
Camden;E05000136;Haverstock;;;-2;-2;-2;-2;3;;1,3;;;;0;0;0;5;;;;;;;;;;;;;;
Camden;E05000137;Highgate;;;7;7;7;7;-1;;-1,9;;;;0;0;0;-8;;;;;;;;;;;;;;
Camden;E05000138;Holborn and Covent Garden;;;-4;-4;-4;-4;-7;;-0,6;;;;0;0;0;-3;;;;;;;;;;;;;;
Camden;E05000139;Kentish Town;;;12;12;12;12;3;;-2,2;;;;0;0;0;-9;;;;;;;;;;;;;;
Camden;E05000140;Kilburn;;;1;1;1;1;-1;;-0,5;;;;0;0;0;-2;;;;;;;;;;;;;;
Camden;E05000141;King's Cross;;;-5;-5;-5;-5;-7;;-0,6;;;;0;0;0;-2;;;;;;;;;;;;;;
Camden;E05000142;Regent's Park;;;-9;-9;-9;-9;-7;;0,6;;;;0;0;0;2;;;;;;;;;;;;;;
Camden;E05000143;St Pancras and Somers Town;;;-1;-1;-1;-1;-7;;-1,4;;;;0;0;0;-6;;;;;;;;;;;;;;
Camden;E05000144;Swiss Cottage;;;-11;-11;-11;-11;-1;;2,4;;;;0;0;0;9;;;;;;;;;;;;;;
Camden;E05000145;West Hampstead;;;-6;-6;-6;-6;-1;;1,4;;;;0;0;0;5;;;;;;;;;;;;;;
Croydon;E05000146;Addiscombe;;;2;2;2;2;-4;;-1,6;;;;0;0;0;-6;;;;;;;;;;;;;;
Croydon;E05000147;Ashburton;;;-2;-2;-2;-2;-17;;-3,7;;;;0;0;0;-15;;;;;;;;;;;;;;
Croydon;E05000148;Bensham Manor;;;3;3;3;3;-6;;-2,4;;;;0;0;0;-9;;;;;;;;;;;;;;
Croydon;E05000149;Broad Green;;;-12;-12;-12;-12;-4;;1,9;;;;0;0;0;8;;;;;;;;;;;;;;
Croydon;E05000150;Coulsdon East;;;18;18;18;18;13;;-1,1;;;;0;0;0;-4;;;;;;;;;;;;;;
Croydon;E05000151;Coulsdon West;;;0;0;0;0;13;;3,4;;;;0;0;0;13;;;;;;;;;;;;;;
Croydon;E05000152;Croham;;;11;11;11;11;-4;;-3,7;;;;0;0;0;-15;;;;;;;;;;;;;;
Croydon;E05000153;Fairfield;;;3;3;3;3;-4;;-1,8;;;;0;0;0;-7;;;;;;;;;;;;;;
Croydon;E05000154;Fieldway;;;-1;-1;-1;-1;-1;;-0,1;;;;0;0;0;0;;;;;;;;;;;;;;
Croydon;E05000155;Heathfield;;;13;13;13;13;-1;;-3,4;;;;0;0;0;-14;;;;;;;;;;;;;;
Croydon;E05000156;Kenley;;;-2;-2;-2;-2;13;;3,8;;;;0;0;0;15;;;;;;;;;;;;;;
Croydon;E05000157;New Addington;;;0;0;0;0;-1;;-0,3;;;;0;0;0;-1;;;;;;;;;;;;;;
Croydon;E05000158;Norbury;;;17;17;17;17;-6;;-5,7;;;;0;0;0;-23;;;;;;;;;;;;;;
Croydon;E05000159;Purley;;;20;20;20;20;13;;-1,7;;;;0;0;0;-7;;;;;;;;;;;;;;
Croydon;E05000160;Sanderstead;;;7;7;7;7;13;;1,7;;;;0;0;0;7;;;;;;;;;;;;;;
Croydon;E05000161;Selhurst;;;-6;-6;-6;-6;-6;;-0,2;;;;0;0;0;-1;;;;;;;;;;;;;;
Croydon;E05000162;Selsdon and Ballards;;;2;2;2;2;-1;;-0,7;;;;0;0;0;-3;;;;;;;;;;;;;;
Croydon;E05000163;Shirley;;;8;8;8;8;-1;;-2,2;;;;0;0;0;-9;;;;;;;;;;;;;;
Croydon;E05000164;South Norwood;;;1;1;1;1;-17;;-4,6;;;;0;0;0;-18;;;;;;;;;;;;;;
Croydon;E05000165;Thornton Heath;;;-19;-19;-19;-19;-6;;3,3;;;;0;0;0;13;;;;;;;;;;;;;;
Croydon;E05000166;Upper Norwood;;;-9;-9;-9;-9;-17;;-2,2;;;;0;0;0;-9;;;;;;;;;;;;;;
Croydon;E05000167;Waddon;;;-17;-17;-17;-17;-4;;3,2;;;;0;0;0;13;;;;;;;;;;;;;;
Croydon;E05000168;West Thornton;;;-2;-2;-2;-2;-6;;-1,1;;;;0;0;0;-4;;;;;;;;;;;;;;
Croydon;E05000169;Woodside;;;-4;-4;-4;-4;-17;;-3,3;;;;0;0;0;-13;;;;;;;;;;;;;;
Ealing;E05000170;Acton Central;;;-2;-2;-2;-2;3;;1,2;;;;0;0;0;5;;;;;;;;;;;;;;
Ealing;E05000171;Cleveland;;;13;13;13;13;15;;0,5;;;;0;0;0;2;;;;;;;;;;;;;;
Ealing;E05000172;Dormers Wells;;;1;1;1;1;21;;5,0;;;;0;0;0;20;;;;;;;;;;;;;;
Ealing;E05000173;Ealing Broadway;;;6;6;6;6;15;;2,3;;;;0;0;0;9;;;;;;;;;;;;;;
Ealing;E05000174;Ealing Common;;;8;8;8;8;15;;1,7;;;;0;0;0;7;;;;;;;;;;;;;;
Ealing;E05000175;East Acton;;;-12;-12;-12;-12;3;;3,9;;;;0;0;0;16;;;;;;;;;;;;;;
Ealing;E05000176;Elthorne;;;4;4;4;4;15;;2,9;;;;0;0;0;12;;;;;;;;;;;;;;
Ealing;E05000177;Greenford Broadway;;;-13;-13;-13;-13;1;;3,5;;;;0;0;0;14;;;;;;;;;;;;;;
Ealing;E05000178;Greenford Green;;;3;3;3;3;1;;-0,7;;;;0;0;0;-3;;;;;;;;;;;;;;
Ealing;E05000179;Hanger Hill;;;-2;-2;-2;-2;3;;1,4;;;;0;0;0;6;;;;;;;;;;;;;;
Ealing;E05000180;Hobbayne;;;-1;-1;-1;-1;15;;4,1;;;;0;0;0;17;;;;;;;;;;;;;;
Ealing;E05000181;Lady Margaret;;;10;10;10;10;21;;2,7;;;;0;0;0;11;;;;;;;;;;;;;;
Ealing;E05000182;Northfield;;;0;0;0;0;15;;3,9;;;;0;0;0;16;;;;;;;;;;;;;;
Ealing;E05000183;North Greenford;;;-25;-25;-25;-25;1;;6,5;;;;0;0;0;26;;;;;;;;;;;;;;
Ealing;E05000184;Northolt Mandeville;;;1;1;1;1;1;;0,0;;;;0;0;0;0;;;;;;;;;;;;;;
Ealing;E05000185;Northolt West End;;;-5;-5;-5;-5;1;;1,5;;;;0;0;0;6;;;;;;;;;;;;;;
Ealing;E05000186;Norwood Green;;;12;12;12;12;21;;2,2;;;;0;0;0;9;;;;;;;;;;;;;;
Ealing;E05000187;Perivale;;;-18;-18;-18;-18;1;;4,5;;;;0;0;0;18;;;;;;;;;;;;;;
Ealing;E05000188;South Acton;;;-8;-8;-8;-8;3;;2,9;;;;0;0;0;12;;;;;;;;;;;;;;
Ealing;E05000189;Southall Broadway;;;17;17;17;17;21;;0,9;;;;0;0;0;4;;;;;;;;;;;;;;
Ealing;E05000190;Southall Green;;;22;22;22;22;21;;-0,4;;;;0;0;0;-1;;;;;;;;;;;;;;
Ealing;E05000191;Southfield;;;-11;-11;-11;-11;3;;3,6;;;;0;0;0;14;;;;;;;;;;;;;;
Ealing;E05000192;Walpole;;;9;9;9;9;15;;1,5;;;;0;0;0;6;;;;;;;;;;;;;;
Enfield;E05000193;Bowes;;;-17;-17;-17;-17;-14;;0,9;;;;0;0;0;4;;;;;;;;;;;;;;
Enfield;E05000194;Bush Hill Park;;;-5;-5;-5;-5;-14;;-2,1;;;;0;0;0;-8;;;;;;;;;;;;;;
Enfield;E05000195;Chase;;;-25;-25;-25;-25;-21;;1,1;;;;0;0;0;4;;;;;;;;;;;;;;
Enfield;E05000196;Cockfosters;;;-12;-12;-12;-12;-14;;-0,4;;;;0;0;0;-2;;;;;;;;;;;;;;
Enfield;E05000197;Edmonton Green;;;-5;-5;-5;-5;-11;;-1,3;;;;0;0;0;-5;;;;;;;;;;;;;;
Enfield;E05000198;Enfield Highway;;;-8;-8;-8;-8;-21;;-3,3;;;;0;0;0;-13;;;;;;;;;;;;;;
Enfield;E05000199;Enfield Lock;;;-17;-17;-17;-17;-21;;-0,9;;;;0;0;0;-4;;;;;;;;;;;;;;
Enfield;E05000200;Grange;;;-13;-13;-13;-13;-21;;-2,0;;;;0;0;0;-8;;;;;;;;;;;;;;
Enfield;E05000201;Haselbury;;;4;4;4;4;-11;;-3,7;;;;0;0;0;-15;;;;;;;;;;;;;;
Enfield;E05000202;Highlands;;;4;4;4;4;-14;;-4,3;;;;0;0;0;-17;;;;;;;;;;;;;;
Enfield;E05000203;Jubilee;;;-4;-4;-4;-4;-11;;-1,7;;;;0;0;0;-7;;;;;;;;;;;;;;
Enfield;E05000204;Lower Edmonton;;;-7;-7;-7;-7;-11;;-0,9;;;;0;0;0;-4;;;;;;;;;;;;;;
Enfield;E05000205;Palmers Green;;;-1;-1;-1;-1;-14;;-3,2;;;;0;0;0;-13;;;;;;;;;;;;;;
Enfield;E05000206;Ponders End;;;-11;-11;-11;-11;-11;;0,1;;;;0;0;0;0;;;;;;;;;;;;;;
Enfield;E05000207;Southbury;;;-10;-10;-10;-10;-21;;-2,6;;;;0;0;0;-11;;;;;;;;;;;;;;
Enfield;E05000208;Southgate;;;9;9;9;9;-14;;-5,6;;;;0;0;0;-22;;;;;;;;;;;;;;
Enfield;E05000209;Southgate Green;;;-13;-13;-13;-13;-14;;-0,2;;;;0;0;0;-1;;;;;;;;;;;;;;
Enfield;E05000210;Town;;;4;4;4;4;-21;;-6,1;;;;0;0;0;-24;;;;;;;;;;;;;;
Enfield;E05000211;Turkey Street;;;-15;-15;-15;-15;-21;;-1,4;;;;0;0;0;-6;;;;;;;;;;;;;;
Enfield;E05000212;Upper Edmonton;;;7;7;7;7;-11;;-4,4;;;;0;0;0;-17;;;;;;;;;;;;;;
Enfield;E05000213;Winchmore Hill;;;3;3;3;3;-14;;-4,3;;;;0;0;0;-17;;;;;;;;;;;;;;
Greenwich;E05000214;Abbey Wood;;;22;22;22;22;10;;-2,9;;;;0;0;0;-11;;;;;;;;;;;;;;
Greenwich;E05000215;Blackheath Westcombe;;;-3;-3;-3;-3;3;;1,5;;;;0;0;0;6;;;;;;;;;;;;;;
Greenwich;E05000216;Charlton;;;-2;-2;-2;-2;3;;1,4;;;;0;0;0;6;;;;;;;;;;;;;;
Greenwich;E05000217;Coldharbour and New Eltham;;;11;11;11;11;1;;-2,5;;;;0;0;0;-10;;;;;;;;;;;;;;
Greenwich;E05000218;Eltham North;;;6;6;6;6;1;;-1,4;;;;0;0;0;-6;;;;;;;;;;;;;;
Greenwich;E05000219;Eltham South;;;6;6;6;6;1;;-1,2;;;;0;0;0;-5;;;;;;;;;;;;;;
Greenwich;E05000220;Eltham West;;;8;8;8;8;1;;-1,8;;;;0;0;0;-7;;;;;;;;;;;;;;
Greenwich;E05000221;Glyndon;;;11;11;11;11;10;;-0,3;;;;0;0;0;-1;;;;;;;;;;;;;;
Greenwich;E05000222;Greenwich West;;;11;11;11;11;3;;-2,0;;;;0;0;0;-8;;;;;;;;;;;;;;
Greenwich;E05000223;Kidbrooke with Hornfair;;;-13;-13;-13;-13;3;;4,2;;;;0;0;0;17;;;;;;;;;;;;;;
Greenwich;E05000224;Middle Park and Sutcliffe;;;1;1;1;1;1;;0,1;;;;0;0;0;0;;;;;;;;;;;;;;
Greenwich;E05000225;Peninsula;;;1;1;1;1;3;;0,7;;;;0;0;0;3;;;;;;;;;;;;;;
Greenwich;E05000226;Plumstead;;;-7;-7;-7;-7;10;;4,3;;;;0;0;0;17;;;;;;;;;;;;;;
Greenwich;E05000227;Shooters Hill;;;11;11;11;11;1;;-2,6;;;;0;0;0;-10;;;;;;;;;;;;;;
Greenwich;E05000228;Thamesmead Moorings;;;-7;-7;-7;-7;10;;4,3;;;;0;0;0;17;;;;;;;;;;;;;;
Greenwich;E05000229;Woolwich Common;;;-12;-12;-12;-12;10;;5,6;;;;0;0;0;22;;;;;;;;;;;;;;
Greenwich;E05000230;Woolwich Riverside;;;6;6;6;6;10;;1,0;;;;0;0;0;4;;;;;;;;;;;;;;
Hackney;E05000231;Brownswood;;;-18;-18;-18;-18;-12;;1,5;;;;0;0;0;6;;;;;;;;;;;;;;
Hackney;E05000232;Cazenove;;;-11;-11;-11;-11;-13;;-0,5;;;;0;0;0;-2;;;;;;;;;;;;;;
Hackney;E05000233;Chatham;;;-16;-16;-16;-16;-8;;2,0;;;;0;0;0;8;;;;;;;;;;;;;;
Hackney;E05000234;Clissold;;;-24;-24;-24;-24;-12;;3,0;;;;0;0;0;12;;;;;;;;;;;;;;
Hackney;E05000235;Dalston;;;-12;-12;-12;-12;-12;;-0,1;;;;0;0;0;0;;;;;;;;;;;;;;
Hackney;E05000236;De Beauvoir;;;-9;-9;-9;-9;-3;;1,5;;;;0;0;0;6;;;;;;;;;;;;;;
Hackney;E05000237;Hackney Central;;;-16;-16;-16;-16;-8;;2,0;;;;0;0;0;8;;;;;;;;;;;;;;
Hackney;E05000238;Hackney Downs;;;-21;-21;-21;-21;-13;;2,1;;;;0;0;0;9;;;;;;;;;;;;;;
Hackney;E05000239;Haggerston;;;-2;-2;-2;-2;-3;;-0,2;;;;0;0;0;-1;;;;;;;;;;;;;;
Hackney;E05000240;Hoxton;;;-4;-4;-4;-4;-3;;0,2;;;;0;0;0;1;;;;;;;;;;;;;;
Hackney;E05000241;King's Park;;;-14;-14;-14;-14;-8;;1,5;;;;0;0;0;6;;;;;;;;;;;;;;
Hackney;E05000242;Leabridge;;;-13;-13;-13;-13;-13;;0,0;;;;0;0;0;0;;;;;;;;;;;;;;
Hackney;E05000243;Lordship;;;-17;-17;-17;-17;-12;;1,2;;;;0;0;0;5;;;;;;;;;;;;;;
Hackney;E05000244;New River;;;-11;-11;-11;-11;-13;;-0,5;;;;0;0;0;-2;;;;;;;;;;;;;;
Hackney;E05000245;Queensbridge;;;-10;-10;-10;-10;-3;;1,7;;;;0;0;0;7;;;;;;;;;;;;;;
Hackney;E05000246;Springfield;;;-7;-7;-7;-7;-13;;-1,4;;;;0;0;0;-6;;;;;;;;;;;;;;
Hackney;E05000247;Stoke Newington Central;;;-3;-3;-3;-3;-12;;-2,2;;;;0;0;0;-9;;;;;;;;;;;;;;
Hackney;E05000248;Victoria;;;15;15;15;15;-8;;-5,7;;;;0;0;0;-23;;;;;;;;;;;;;;
Hackney;E05000249;Wick;;;-4;-4;-4;-4;-8;;-1,0;;;;0;0;0;-4;;;;;;;;;;;;;;
Hammersmith and Fulham;E05000250;Addison;;;1;1;1;1;10;;2,2;;;;0;0;0;9;;;;;;;;;;;;;;
Hammersmith and Fulham;E05000251;Askew;;;10;10;10;10;10;;-0,2;;;;0;0;0;-1;;;;;;;;;;;;;;
Hammersmith and Fulham;E05000252;Avonmore and Brook Green;;;5;5;5;5;10;;1,1;;;;0;0;0;4;;;;;;;;;;;;;;
Hammersmith and Fulham;E05000253;College Park and Old Oak;;;0;0;0;0;10;;2,3;;;;0;0;0;9;;;;;;;;;;;;;;
Hammersmith and Fulham;E05000254;Fulham Broadway;;;-4;-4;-4;-4;3;;1,9;;;;0;0;0;8;;;;;;;;;;;;;;
Hammersmith and Fulham;E05000255;Fulham Reach;;;-3;-3;-3;-3;3;;1,6;;;;0;0;0;6;;;;;;;;;;;;;;
Hammersmith and Fulham;E05000256;Hammersmith Broadway;;;0;0;0;0;3;;0,8;;;;0;0;0;3;;;;;;;;;;;;;;
Hammersmith and Fulham;E05000257;Munster;;;-8;-8;-8;-8;3;;2,8;;;;0;0;0;11;;;;;;;;;;;;;;
Hammersmith and Fulham;E05000258;North End;;;0;0;0;0;3;;0,7;;;;0;0;0;3;;;;;;;;;;;;;;
Hammersmith and Fulham;E05000259;Palace Riverside;;;15;15;15;15;3;;-2,8;;;;0;0;0;-11;;;;;;;;;;;;;;
Hammersmith and Fulham;E05000260;Parsons Green and Walham;;;6;6;6;6;3;;-0,6;;;;0;0;0;-2;;;;;;;;;;;;;;
Hammersmith and Fulham;E05000261;Ravenscourt Park;;;8;8;8;8;10;;0,5;;;;0;0;0;2;;;;;;;;;;;;;;
Hammersmith and Fulham;E05000262;Sands End;;;16;16;16;16;3;;-3,3;;;;0;0;0;-13;;;;;;;;;;;;;;
Hammersmith and Fulham;E05000263;Shepherd's Bush Green;;;2;2;2;2;10;;1,9;;;;0;0;0;7;;;;;;;;;;;;;;
Hammersmith and Fulham;E05000264;Town;;;16;16;16;16;3;;-3,2;;;;0;0;0;-13;;;;;;;;;;;;;;
Hammersmith and Fulham;E05000265;Wormholt and White City;;;8;8;8;8;10;;0,3;;;;0;0;0;1;;;;;;;;;;;;;;
Haringey;E05000266;Alexandra;;;-21;-21;-21;-21;-9;;3,0;;;;0;0;0;12;;;;;;;;;;;;;;
Haringey;E05000267;Bounds Green;;;-10;-10;-10;-10;-8;;0,6;;;;0;0;0;2;;;;;;;;;;;;;;
Haringey;E05000268;Bruce Grove;;;-9;-9;-9;-9;-12;;-0,8;;;;0;0;0;-3;;;;;;;;;;;;;;
Haringey;E05000269;Crouch End;;;-7;-7;-7;-7;-9;;-0,6;;;;0;0;0;-2;;;;;;;;;;;;;;
Haringey;E05000270;Fortis Green;;;-18;-18;-18;-18;-9;;2,1;;;;0;0;0;9;;;;;;;;;;;;;;
Haringey;E05000271;Harringay;;;-4;-4;-4;-4;-9;;-1,4;;;;0;0;0;-6;;;;;;;;;;;;;;
Haringey;E05000272;Highgate;;;-10;-10;-10;-10;-9;;0,2;;;;0;0;0;1;;;;;;;;;;;;;;
Haringey;E05000273;Hornsey;;;-10;-10;-10;-10;-9;;0,1;;;;0;0;0;0;;;;;;;;;;;;;;
Haringey;E05000274;Muswell Hill;;;-11;-11;-11;-11;-9;;0,6;;;;0;0;0;2;;;;;;;;;;;;;;
Haringey;E05000275;Noel Park;;;-10;-10;-10;-10;-8;;0,5;;;;0;0;0;2;;;;;;;;;;;;;;
Haringey;E05000276;Northumberland Park;;;5;5;5;5;-8;;-3,2;;;;0;0;0;-13;;;;;;;;;;;;;;
Haringey;E05000277;St Ann's;;;-1;-1;-1;-1;-9;;-2,0;;;;0;0;0;-8;;;;;;;;;;;;;;
Haringey;E05000278;Seven Sisters;;;9;9;9;9;-12;;-5,3;;;;0;0;0;-21;;;;;;;;;;;;;;
Haringey;E05000279;Stroud Green;;;1;1;1;1;-9;;-2,5;;;;0;0;0;-10;;;;;;;;;;;;;;
Haringey;E05000280;Tottenham Green;;;-11;-11;-11;-11;-12;;-0,2;;;;0;0;0;-1;;;;;;;;;;;;;;
Haringey;E05000281;Tottenham Hale;;;5;5;5;5;-12;;-4,2;;;;0;0;0;-17;;;;;;;;;;;;;;
Haringey;E05000282;West Green;;;-24;-24;-24;-24;-12;;3,0;;;;0;0;0;12;;;;;;;;;;;;;;
Haringey;E05000283;White Hart Lane;;;-16;-16;-16;-16;-8;;2,0;;;;0;0;0;8;;;;;;;;;;;;;;
Haringey;E05000284;Woodside;;;-1;-1;-1;-1;-8;;-1,9;;;;0;0;0;-7;;;;;;;;;;;;;;
Harrow;E05000285;Belmont;;;1;1;1;1;-9;;-2,6;;;;0;0;0;-10;;;;;;;;;;;;;;
Harrow;E05000286;Canons;;;-9;-9;-9;-9;-9;;0,0;;;;0;0;0;0;;;;;;;;;;;;;;
Harrow;E05000287;Edgware;;;-9;-9;-9;-9;-9;;0,0;;;;0;0;0;0;;;;;;;;;;;;;;
Harrow;E05000288;Greenhill;;;-10;-10;-10;-10;-14;;-0,9;;;;0;0;0;-4;;;;;;;;;;;;;;
Harrow;E05000289;Harrow on the Hill;;;1;1;1;1;-14;;-3,7;;;;0;0;0;-15;;;;;;;;;;;;;;
Harrow;E05000290;Harrow Weald;;;-7;-7;-7;-7;-14;;-1,8;;;;0;0;0;-7;;;;;;;;;;;;;;
Harrow;E05000291;Hatch End;;;10;10;10;10;-14;;-6,1;;;;0;0;0;-24;;;;;;;;;;;;;;
Harrow;E05000292;Headstone North;;;-17;-17;-17;-17;-13;;0,9;;;;0;0;0;4;;;;;;;;;;;;;;
Harrow;E05000293;Headstone South;;;-4;-4;-4;-4;-13;;-2,4;;;;0;0;0;-9;;;;;;;;;;;;;;
Harrow;E05000294;Kenton East;;;-4;-4;-4;-4;-9;;-1,1;;;;0;0;0;-5;;;;;;;;;;;;;;
Harrow;E05000295;Kenton West;;;0;0;0;0;-9;;-2,2;;;;0;0;0;-9;;;;;;;;;;;;;;
Harrow;E05000296;Marlborough;;;-9;-9;-9;-9;-14;;-1,3;;;;0;0;0;-5;;;;;;;;;;;;;;
Harrow;E05000297;Pinner;;;-19;-19;-19;-19;-13;;1,5;;;;0;0;0;6;;;;;;;;;;;;;;
Harrow;E05000298;Pinner South;;;-8;-8;-8;-8;-13;;-1,2;;;;0;0;0;-5;;;;;;;;;;;;;;
Harrow;E05000299;Queensbury;;;-8;-8;-8;-8;-9;;-0,1;;;;0;0;0;0;;;;;;;;;;;;;;
Harrow;E05000300;Rayners Lane;;;-1;-1;-1;-1;-13;;-3,0;;;;0;0;0;-12;;;;;;;;;;;;;;
Harrow;E05000301;Roxbourne;;;-10;-10;-10;-10;-13;;-0,7;;;;0;0;0;-3;;;;;;;;;;;;;;
Harrow;E05000302;Roxeth;;;-19;-19;-19;-19;-13;;1,5;;;;0;0;0;6;;;;;;;;;;;;;;
Harrow;E05000303;Stanmore Park;;;-8;-8;-8;-8;-9;;-0,2;;;;0;0;0;-1;;;;;;;;;;;;;;
Harrow;E05000304;Wealdstone;;;-14;-14;-14;-14;-14;;-0,1;;;;0;0;0;0;;;;;;;;;;;;;;
Harrow;E05000305;West Harrow;;;3;3;3;3;-13;;-4,0;;;;0;0;0;-16;;;;;;;;;;;;;;
Havering;E05000306;Brooklands;;;9;9;9;9;12;;0,9;;;;0;0;0;3;;;;;;;;;;;;;;
Havering;E05000307;Cranham;;;8;8;8;8;4;;-1,1;;;;0;0;0;-4;;;;;;;;;;;;;;
Havering;E05000308;Elm Park;;;5;5;5;5;4;;-0,4;;;;0;0;0;-2;;;;;;;;;;;;;;
Havering;E05000309;Emerson Park;;;29;29;29;29;12;;-4,1;;;;0;0;0;-16;;;;;;;;;;;;;;
Havering;E05000310;Gooshays;;;-4;-4;-4;-4;3;;1,8;;;;0;0;0;7;;;;;;;;;;;;;;
Havering;E05000311;Hacton;;;8;8;8;8;4;;-1,2;;;;0;0;0;-5;;;;;;;;;;;;;;
Havering;E05000312;Harold Wood;;;3;3;3;3;3;;0,1;;;;0;0;0;0;;;;;;;;;;;;;;
Havering;E05000313;Havering Park;;;1;1;1;1;3;;0,5;;;;0;0;0;2;;;;;;;;;;;;;;
Havering;E05000314;Heaton;;;-16;-16;-16;-16;3;;4,6;;;;0;0;0;18;;;;;;;;;;;;;;
Havering;E05000315;Hylands;;;8;8;8;8;12;;1,1;;;;0;0;0;4;;;;;;;;;;;;;;
Havering;E05000316;Mawneys;;;10;10;10;10;3;;-1,8;;;;0;0;0;-7;;;;;;;;;;;;;;
Havering;E05000317;Pettits;;;8;8;8;8;3;;-1,2;;;;0;0;0;-5;;;;;;;;;;;;;;
Havering;E05000318;Rainham and Wennington;;;-15;-15;-15;-15;4;;4,7;;;;0;0;0;19;;;;;;;;;;;;;;
Havering;E05000319;Romford Town;;;0;0;0;0;12;;3,2;;;;0;0;0;13;;;;;;;;;;;;;;
Havering;E05000320;St Andrew's;;;6;6;6;6;12;;1,4;;;;0;0;0;6;;;;;;;;;;;;;;
Havering;E05000321;South Hornchurch;;;-2;-2;-2;-2;4;;1,5;;;;0;0;0;6;;;;;;;;;;;;;;
Havering;E05000322;Squirrel's Heath;;;4;4;4;4;12;;2,0;;;;0;0;0;8;;;;;;;;;;;;;;
Havering;E05000323;Upminster;;;-3;-3;-3;-3;4;;1,8;;;;0;0;0;7;;;;;;;;;;;;;;
Hillingdon;E05000324;Barnhill;;;-16;-16;-16;-16;-23;;-1,7;;;;0;0;0;-7;;;;;;;;;;;;;;
Hillingdon;E05000325;Botwell;;;-11;-11;-11;-11;-23;;-3,0;;;;0;0;0;-12;;;;;;;;;;;;;;
Hillingdon;E05000326;Brunel;;;-5;-5;-5;-5;-9;;-1,1;;;;0;0;0;-4;;;;;;;;;;;;;;
Hillingdon;E05000327;Cavendish;;;-11;-11;-11;-11;0;;2,7;;;;0;0;0;11;;;;;;;;;;;;;;
Hillingdon;E05000328;Charville;;;-11;-11;-11;-11;-23;;-3,1;;;;0;0;0;-12;;;;;;;;;;;;;;
Hillingdon;E05000329;Eastcote and East Ruislip;;;11;11;11;11;0;;-2,6;;;;0;0;0;-11;;;;;;;;;;;;;;
Hillingdon;E05000330;Harefield;;;0;0;0;0;0;;0,0;;;;0;0;0;0;;;;;;;;;;;;;;
Hillingdon;E05000331;Heathrow Villages;;;7;7;7;7;3;;-0,9;;;;0;0;0;-4;;;;;;;;;;;;;;
Hillingdon;E05000332;Hillingdon East;;;-2;-2;-2;-2;-9;;-1,9;;;;0;0;0;-7;;;;;;;;;;;;;;
Hillingdon;E05000333;Ickenham;;;-3;-3;-3;-3;0;;0,7;;;;0;0;0;3;;;;;;;;;;;;;;
Hillingdon;E05000334;Manor;;;-3;-3;-3;-3;0;;0,8;;;;0;0;0;3;;;;;;;;;;;;;;
Hillingdon;E05000335;Northwood;;;-1;-1;-1;-1;0;;0,3;;;;0;0;0;1;;;;;;;;;;;;;;
Hillingdon;E05000336;Northwood Hills;;;-14;-14;-14;-14;0;;3,6;;;;0;0;0;14;;;;;;;;;;;;;;
Hillingdon;E05000337;Pinkwell;;;-3;-3;-3;-3;3;;1,6;;;;0;0;0;6;;;;;;;;;;;;;;
Hillingdon;E05000338;South Ruislip;;;3;3;3;3;0;;-0,8;;;;0;0;0;-3;;;;;;;;;;;;;;
Hillingdon;E05000339;Townfield;;;4;4;4;4;-23;;-6,9;;;;0;0;0;-27;;;;;;;;;;;;;;
Hillingdon;E05000340;Uxbridge North;;;-18;-18;-18;-18;-9;;2,2;;;;0;0;0;9;;;;;;;;;;;;;;
Hillingdon;E05000341;Uxbridge South;;;-5;-5;-5;-5;-9;;-1,1;;;;0;0;0;-4;;;;;;;;;;;;;;
Hillingdon;E05000342;West Drayton;;;6;6;6;6;3;;-0,7;;;;0;0;0;-3;;;;;;;;;;;;;;
Hillingdon;E05000343;West Ruislip;;;-14;-14;-14;-14;0;;3,4;;;;0;0;0;14;;;;;;;;;;;;;;
Hillingdon;E05000344;Yeading;;;-10;-10;-10;-10;-23;;-3,1;;;;0;0;0;-13;;;;;;;;;;;;;;
Hillingdon;E05000345;Yiewsley;;;14;14;14;14;3;;-2,8;;;;0;0;0;-11;;;;;;;;;;;;;;
Hounslow;E05000346;Bedfont;;;-5;-5;-5;-5;-8;;-0,6;;;;0;0;0;-3;;;;;;;;;;;;;;
Hounslow;E05000347;Brentford;;;-6;-6;-6;-6;4;;2,6;;;;0;0;0;11;;;;;;;;;;;;;;
Hounslow;E05000348;Chiswick Homefields;;;6;6;6;6;4;;-0,4;;;;0;0;0;-1;;;;;;;;;;;;;;
Hounslow;E05000349;Chiswick Riverside;;;-15;-15;-15;-15;4;;4,9;;;;0;0;0;20;;;;;;;;;;;;;;
Hounslow;E05000350;Cranford;;;-18;-18;-18;-18;-9;;2,2;;;;0;0;0;9;;;;;;;;;;;;;;
Hounslow;E05000351;Feltham North;;;-4;-4;-4;-4;-8;;-1,0;;;;0;0;0;-4;;;;;;;;;;;;;;
Hounslow;E05000352;Feltham West;;;-11;-11;-11;-11;-8;;0,8;;;;0;0;0;3;;;;;;;;;;;;;;
Hounslow;E05000353;Hanworth;;;2;2;2;2;-8;;-2,4;;;;0;0;0;-9;;;;;;;;;;;;;;
Hounslow;E05000354;Hanworth Park;;;-13;-13;-13;-13;-8;;1,3;;;;0;0;0;5;;;;;;;;;;;;;;
Hounslow;E05000355;Heston Central;;;-9;-9;-9;-9;-9;;0,1;;;;0;0;0;0;;;;;;;;;;;;;;
Hounslow;E05000356;Heston East;;;-10;-10;-10;-10;-9;;0,2;;;;0;0;0;1;;;;;;;;;;;;;;
Hounslow;E05000357;Heston West;;;-13;-13;-13;-13;-9;;1,1;;;;0;0;0;4;;;;;;;;;;;;;;
Hounslow;E05000358;Hounslow Central;;;-9;-9;-9;-9;-8;;0,3;;;;0;0;0;1;;;;;;;;;;;;;;
Hounslow;E05000359;Hounslow Heath;;;5;5;5;5;-8;;-3,3;;;;0;0;0;-13;;;;;;;;;;;;;;
Hounslow;E05000360;Hounslow South;;;5;5;5;5;-8;;-3,3;;;;0;0;0;-13;;;;;;;;;;;;;;
Hounslow;E05000361;Hounslow West;;;-21;-21;-21;-21;-8;;3,4;;;;0;0;0;13;;;;;;;;;;;;;;
Hounslow;E05000362;Isleworth;;;11;11;11;11;-8;;-4,6;;;;0;0;0;-18;;;;;;;;;;;;;;
Hounslow;E05000363;Osterley and Spring Grove;;;-2;-2;-2;-2;-9;;-1,7;;;;0;0;0;-7;;;;;;;;;;;;;;
Hounslow;E05000364;Syon;;;12;12;12;12;4;;-1,9;;;;0;0;0;-7;;;;;;;;;;;;;;
Hounslow;E05000365;Turnham Green;;;-7;-7;-7;-7;4;;2,7;;;;0;0;0;11;;;;;;;;;;;;;;
Islington;E05000366;Barnsbury;;;1;1;1;1;-5;;-1,4;;;;0;0;0;-6;;;;;;;;;;;;;;
Islington;E05000367;Bunhill;;;-22;-22;-22;-22;-7;;3,7;;;;0;0;0;15;;;;;;;;;;;;;;
Islington;E05000368;Caledonian;;;17;17;17;17;-5;;-5,5;;;;0;0;0;-22;;;;;;;;;;;;;;
Islington;E05000369;Canonbury;;;-1;-1;-1;-1;-7;;-1,7;;;;0;0;0;-7;;;;;;;;;;;;;;
Islington;E05000370;Clerkenwell;;;-6;-6;-6;-6;-7;;-0,5;;;;0;0;0;-2;;;;;;;;;;;;;;
Islington;E05000371;Finsbury Park;;;-18;-18;-18;-18;8;;6,3;;;;0;0;0;25;;;;;;;;;;;;;;
Islington;E05000372;Highbury East;;;4;4;4;4;8;;1,0;;;;0;0;0;4;;;;;;;;;;;;;;
Islington;E05000373;Highbury West;;;0;0;0;0;8;;2,0;;;;0;0;0;8;;;;;;;;;;;;;;
Islington;E05000374;Hillrise;;;-7;-7;-7;-7;-13;;-1,3;;;;0;0;0;-5;;;;;;;;;;;;;;
Islington;E05000375;Holloway;;;6;6;6;6;-5;;-2,6;;;;0;0;0;-10;;;;;;;;;;;;;;
Islington;E05000376;Junction;;;1;1;1;1;-13;;-3,3;;;;0;0;0;-13;;;;;;;;;;;;;;
Islington;E05000377;Mildmay;;;-12;-12;-12;-12;8;;5,0;;;;0;0;0;20;;;;;;;;;;;;;;
Islington;E05000378;St George's;;;-2;-2;-2;-2;-13;;-2,8;;;;0;0;0;-11;;;;;;;;;;;;;;
Islington;E05000379;St Mary's;;;13;13;13;13;-5;;-4,5;;;;0;0;0;-18;;;;;;;;;;;;;;
Islington;E05000380;St Peter's;;;-6;-6;-6;-6;-7;;-0,4;;;;0;0;0;-2;;;;;;;;;;;;;;
Islington;E05000381;Tollington;;;-5;-5;-5;-5;-13;;-1,9;;;;0;0;0;-8;;;;;;;;;;;;;;
Kensington and Chelsea;E05000382;Abingdon;;;7;7;7;7;5;;-0,5;;;;0;0;0;-2;;;;;;;;;;;;;;
Kensington and Chelsea;E05000383;Brompton;;;10;10;10;10;7;;-0,8;;;;0;0;0;-3;;;;;;;;;;;;;;
Kensington and Chelsea;E05000384;Campden;;;7;7;7;7;5;;-0,4;;;;0;0;0;-2;;;;;;;;;;;;;;
Kensington and Chelsea;E05000385;Colville;;;9;9;9;9;7;;-0,5;;;;0;0;0;-2;;;;;;;;;;;;;;
Kensington and Chelsea;E05000386;Courtfield;;;-1;-1;-1;-1;7;;2,1;;;;0;0;0;8;;;;;;;;;;;;;;
Kensington and Chelsea;E05000387;Cremorne;;;13;13;13;13;7;;-1,5;;;;0;0;0;-6;;;;;;;;;;;;;;
Kensington and Chelsea;E05000388;Earl's Court;;;7;7;7;7;5;;-0,4;;;;0;0;0;-1;;;;;;;;;;;;;;
Kensington and Chelsea;E05000389;Golborne;;;8;8;8;8;7;;-0,4;;;;0;0;0;-2;;;;;;;;;;;;;;
Kensington and Chelsea;E05000390;Hans Town;;;-6;-6;-6;-6;7;;3,4;;;;0;0;0;13;;;;;;;;;;;;;;
Kensington and Chelsea;E05000391;Holland;;;6;6;6;6;5;;-0,2;;;;0;0;0;-1;;;;;;;;;;;;;;
Kensington and Chelsea;E05000392;Norland;;;8;8;8;8;7;;-0,4;;;;0;0;0;-2;;;;;;;;;;;;;;
Kensington and Chelsea;E05000393;Notting Barns;;;17;17;17;17;7;;-2,7;;;;0;0;0;-11;;;;;;;;;;;;;;
Kensington and Chelsea;E05000394;Pembridge;;;23;23;23;23;7;;-4,2;;;;0;0;0;-17;;;;;;;;;;;;;;
Kensington and Chelsea;E05000395;Queen's Gate;;;-2;-2;-2;-2;5;;1,7;;;;0;0;0;7;;;;;;;;;;;;;;
Kensington and Chelsea;E05000396;Redcliffe;;;10;10;10;10;5;;-1,3;;;;0;0;0;-5;;;;;;;;;;;;;;
Kensington and Chelsea;E05000397;Royal Hospital;;;-9;-9;-9;-9;7;;4,0;;;;0;0;0;16;;;;;;;;;;;;;;
Kensington and Chelsea;E05000398;St Charles;;;9;9;9;9;7;;-0,6;;;;0;0;0;-2;;;;;;;;;;;;;;
Kensington and Chelsea;E05000399;Stanley;;;7;7;7;7;7;;0,0;;;;0;0;0;0;;;;;;;;;;;;;;
Kingston upon Thames;E05000400;Alexandra;;;-10;-10;-10;-10;-7;;0,8;;;;0;0;0;3;;;;;;;;;;;;;;
Kingston upon Thames;E05000401;Berrylands;;;7;7;7;7;-7;;-3,5;;;;0;0;0;-14;;;;;;;;;;;;;;
Kingston upon Thames;E05000402;Beverley;;;6;6;6;6;-7;;-3,3;;;;0;0;0;-13;;;;;;;;;;;;;;
Kingston upon Thames;E05000403;Canbury;;;0;0;0;0;-7;;-1,6;;;;0;0;0;-6;;;;;;;;;;;;;;
Kingston upon Thames;E05000404;Chessington North and Hook;;;2;2;2;2;-7;;-2,2;;;;0;0;0;-9;;;;;;;;;;;;;;
Kingston upon Thames;E05000405;Chessington South;;;3;3;3;3;-7;;-2,5;;;;0;0;0;-10;;;;;;;;;;;;;;
Kingston upon Thames;E05000406;Coombe Hill;;;15;15;15;15;-7;;-5,3;;;;0;0;0;-21;;;;;;;;;;;;;;
Kingston upon Thames;E05000407;Coombe Vale;;;8;8;8;8;-7;;-3,6;;;;0;0;0;-14;;;;;;;;;;;;;;
Kingston upon Thames;E05000408;Grove;;;-7;-7;-7;-7;-7;;0,0;;;;0;0;0;0;;;;;;;;;;;;;;
Kingston upon Thames;E05000409;Norbiton;;;2;2;2;2;-7;;-2,1;;;;0;0;0;-9;;;;;;;;;;;;;;
Kingston upon Thames;E05000410;Old Malden;;;0;0;0;0;-7;;-1,7;;;;0;0;0;-7;;;;;;;;;;;;;;
Kingston upon Thames;E05000411;St James;;;0;0;0;0;-7;;-1,7;;;;0;0;0;-7;;;;;;;;;;;;;;
Kingston upon Thames;E05000412;St Mark's;;;-2;-2;-2;-2;-7;;-1,1;;;;0;0;0;-5;;;;;;;;;;;;;;
Kingston upon Thames;E05000413;Surbiton Hill;;;-5;-5;-5;-5;-7;;-0,5;;;;0;0;0;-2;;;;;;;;;;;;;;
Kingston upon Thames;E05000414;Tolworth and Hook Rise;;;-4;-4;-4;-4;-7;;-0,7;;;;0;0;0;-3;;;;;;;;;;;;;;
Kingston upon Thames;E05000415;Tudor;;;-7;-7;-7;-7;-7;;0,1;;;;0;0;0;0;;;;;;;;;;;;;;
Lambeth;E05000416;Bishop's;;;-19;-19;-19;-19;2;;5,1;;;;0;0;0;20;;;;;;;;;;;;;;
Lambeth;E05000417;Brixton Hill;;;-2;-2;-2;-2;-3;;-0,1;;;;0;0;0;0;;;;;;;;;;;;;;
Lambeth;E05000418;Clapham Common;;;2;2;2;2;-3;;-1,3;;;;0;0;0;-5;;;;;;;;;;;;;;
Lambeth;E05000419;Clapham Town;;;0;0;0;0;-3;;-0,6;;;;0;0;0;-2;;;;;;;;;;;;;;
Lambeth;E05000420;Coldharbour;;;-6;-6;-6;-6;-3;;0,7;;;;0;0;0;3;;;;;;;;;;;;;;
Lambeth;E05000421;Ferndale;;;-8;-8;-8;-8;-3;;1,3;;;;0;0;0;5;;;;;;;;;;;;;;
Lambeth;E05000422;Gipsy Hill;;;-11;-11;-11;-11;2;;3,1;;;;0;0;0;12;;;;;;;;;;;;;;
Lambeth;E05000423;Herne Hill;;;-10;-10;-10;-10;-3;;1,8;;;;0;0;0;7;;;;;;;;;;;;;;
Lambeth;E05000424;Knight's Hill;;;9;9;9;9;2;;-1,8;;;;0;0;0;-7;;;;;;;;;;;;;;
Lambeth;E05000425;Larkhall;;;6;6;6;6;2;;-1,0;;;;0;0;0;-4;;;;;;;;;;;;;;
Lambeth;E05000426;Oval;;;-4;-4;-4;-4;2;;1,5;;;;0;0;0;6;;;;;;;;;;;;;;
Lambeth;E05000427;Prince's;;;-1;-1;-1;-1;2;;0,6;;;;0;0;0;2;;;;;;;;;;;;;;
Lambeth;E05000428;St Leonard's;;;-2;-2;-2;-2;2;;0,9;;;;0;0;0;4;;;;;;;;;;;;;;
Lambeth;E05000429;Stockwell;;;4;4;4;4;2;;-0,5;;;;0;0;0;-2;;;;;;;;;;;;;;
Lambeth;E05000430;Streatham Hill;;;10;10;10;10;2;;-2,2;;;;0;0;0;-9;;;;;;;;;;;;;;
Lambeth;E05000431;Streatham South;;;-5;-5;-5;-5;2;;1,6;;;;0;0;0;6;;;;;;;;;;;;;;
Lambeth;E05000432;Streatham Wells;;;-6;-6;-6;-6;2;;1,8;;;;0;0;0;7;;;;;;;;;;;;;;
Lambeth;E05000433;Thornton;;;4;4;4;4;2;;-0,6;;;;0;0;0;-2;;;;;;;;;;;;;;
Lambeth;E05000434;Thurlow Park;;;-2;-2;-2;-2;2;;0,9;;;;0;0;0;4;;;;;;;;;;;;;;
Lambeth;E05000435;Tulse Hill;;;-4;-4;-4;-4;-3;;0,3;;;;0;0;0;1;;;;;;;;;;;;;;
Lambeth;E05000436;Vassall;;;-19;-19;-19;-19;2;;5,2;;;;0;0;0;21;;;;;;;;;;;;;;
Lewisham;E05000437;Bellingham;;;-5;-5;-5;-5;3;;2,2;;;;0;0;0;9;;;;;;;;;;;;;;
Lewisham;E05000438;Blackheath;;;15;15;15;15;0;;-3,8;;;;0;0;0;-15;;;;;;;;;;;;;;
Lewisham;E05000439;Brockley;;;-8;-8;-8;-8;3;;2,7;;;;0;0;0;11;;;;;;;;;;;;;;
Lewisham;E05000440;Catford South;;;-4;-4;-4;-4;0;;0,9;;;;0;0;0;4;;;;;;;;;;;;;;
Lewisham;E05000441;Crofton Park;;;-5;-5;-5;-5;3;;1,9;;;;0;0;0;7;;;;;;;;;;;;;;
Lewisham;E05000442;Downham;;;-12;-12;-12;-12;3;;3,8;;;;0;0;0;15;;;;;;;;;;;;;;
Lewisham;E05000443;Evelyn;;;10;10;10;10;3;;-1,9;;;;0;0;0;-7;;;;;;;;;;;;;;
Lewisham;E05000444;Forest Hill;;;-1;-1;-1;-1;3;;1,1;;;;0;0;0;4;;;;;;;;;;;;;;
Lewisham;E05000445;Grove Park;;;4;4;4;4;0;;-1,1;;;;0;0;0;-5;;;;;;;;;;;;;;
Lewisham;E05000446;Ladywell;;;8;8;8;8;3;;-1,4;;;;0;0;0;-6;;;;;;;;;;;;;;
Lewisham;E05000447;Lee Green;;;-5;-5;-5;-5;0;;1,3;;;;0;0;0;5;;;;;;;;;;;;;;
Lewisham;E05000448;Lewisham Central;;;12;12;12;12;0;;-3,1;;;;0;0;0;-12;;;;;;;;;;;;;;
Lewisham;E05000449;New Cross;;;1;1;1;1;3;;0,4;;;;0;0;0;1;;;;;;;;;;;;;;
Lewisham;E05000450;Perry Vale;;;6;6;6;6;3;;-0,6;;;;0;0;0;-3;;;;;;;;;;;;;;
Lewisham;E05000451;Rushey Green;;;-11;-11;-11;-11;0;;2,8;;;;0;0;0;11;;;;;;;;;;;;;;
Lewisham;E05000452;Sydenham;;;3;3;3;3;3;;0,0;;;;0;0;0;0;;;;;;;;;;;;;;
Lewisham;E05000453;Telegraph Hill;;;-11;-11;-11;-11;3;;3,4;;;;0;0;0;13;;;;;;;;;;;;;;
Lewisham;E05000454;Whitefoot;;;4;4;4;4;3;;-0,1;;;;0;0;0;0;;;;;;;;;;;;;;
Merton;E05000455;Abbey;;;-12;-12;-12;-12;-6;;1,5;;;;0;0;0;6;;;;;;;;;;;;;;
Merton;E05000456;Cannon Hill;;;11;11;11;11;0;;-2,9;;;;0;0;0;-12;;;;;;;;;;;;;;
Merton;E05000457;Colliers Wood;;;6;6;6;6;0;;-1,4;;;;0;0;0;-6;;;;;;;;;;;;;;
Merton;E05000458;Cricket Green;;;-8;-8;-8;-8;0;;2,0;;;;0;0;0;8;;;;;;;;;;;;;;
Merton;E05000459;Dundonald;;;1;1;1;1;-6;;-1,8;;;;0;0;0;-7;;;;;;;;;;;;;;
Merton;E05000460;Figge's Marsh;;;4;4;4;4;0;;-0,9;;;;0;0;0;-4;;;;;;;;;;;;;;
Merton;E05000461;Graveney;;;-7;-7;-7;-7;0;;1,7;;;;0;0;0;7;;;;;;;;;;;;;;
Merton;E05000462;Hillside;;;0;0;0;0;-6;;-1,5;;;;0;0;0;-6;;;;;;;;;;;;;;
Merton;E05000463;Lavender Fields;;;-9;-9;-9;-9;0;;2,2;;;;0;0;0;9;;;;;;;;;;;;;;
Merton;E05000464;Longthornton;;;-3;-3;-3;-3;0;;0,9;;;;0;0;0;4;;;;;;;;;;;;;;
Merton;E05000465;Lower Morden;;;-3;-3;-3;-3;0;;0,7;;;;0;0;0;3;;;;;;;;;;;;;;
Merton;E05000466;Merton Park;;;13;13;13;13;0;;-3,5;;;;0;0;0;-14;;;;;;;;;;;;;;
Merton;E05000467;Pollards Hill;;;3;3;3;3;0;;-0,7;;;;0;0;0;-3;;;;;;;;;;;;;;
Merton;E05000468;Ravensbury;;;-8;-8;-8;-8;0;;1,9;;;;0;0;0;7;;;;;;;;;;;;;;
Merton;E05000469;Raynes Park;;;1;1;1;1;0;;-0,4;;;;0;0;0;-1;;;;;;;;;;;;;;
Merton;E05000470;St Helier;;;3;3;3;3;0;;-0,8;;;;0;0;0;-3;;;;;;;;;;;;;;
Merton;E05000471;Trinity;;;-6;-6;-6;-6;-6;;0,1;;;;0;0;0;0;;;;;;;;;;;;;;
Merton;E05000472;Village;;;5;5;5;5;-6;;-2,8;;;;0;0;0;-11;;;;;;;;;;;;;;
Merton;E05000473;West Barnes;;;7;7;7;7;0;;-1,9;;;;0;0;0;-8;;;;;;;;;;;;;;
Merton;E05000474;Wimbledon Park;;;4;4;4;4;-6;;-2,5;;;;0;0;0;-10;;;;;;;;;;;;;;
Newham;E05000475;Beckton;;;0;0;0;0;23;;5,7;;;;0;0;0;23;;;;;;;;;;;;;;
Newham;E05000476;Boleyn;;;-4;-4;-4;-4;17;;5,0;;;;0;0;0;20;;;;;;;;;;;;;;
Newham;E05000477;Canning Town North;;;-14;-14;-14;-14;23;;9,2;;;;0;0;0;37;;;;;;;;;;;;;;
Newham;E05000478;Canning Town South;;;-2;-2;-2;-2;23;;6,3;;;;0;0;0;25;;;;;;;;;;;;;;
Newham;E05000479;Custom House;;;8;8;8;8;23;;3,7;;;;0;0;0;15;;;;;;;;;;;;;;
Newham;E05000480;East Ham Central;;;8;8;8;8;16;;2,0;;;;0;0;0;8;;;;;;;;;;;;;;
Newham;E05000481;East Ham North;;;6;6;6;6;16;;2,4;;;;0;0;0;10;;;;;;;;;;;;;;
Newham;E05000482;East Ham South;;;-7;-7;-7;-7;16;;5,7;;;;0;0;0;23;;;;;;;;;;;;;;
Newham;E05000483;Forest Gate North;;;0;0;0;0;-1;;-0,1;;;;0;0;0;-1;;;;;;;;;;;;;;
Newham;E05000484;Forest Gate South;;;13;13;13;13;-1;;-3,5;;;;0;0;0;-14;;;;;;;;;;;;;;
Newham;E05000485;Green Street East;;;6;6;6;6;17;;2,7;;;;0;0;0;11;;;;;;;;;;;;;;
Newham;E05000486;Green Street West;;;-9;-9;-9;-9;17;;6,4;;;;0;0;0;26;;;;;;;;;;;;;;
Newham;E05000487;Little Ilford;;;5;5;5;5;16;;2,6;;;;0;0;0;10;;;;;;;;;;;;;;
Newham;E05000488;Manor Park;;;8;8;8;8;16;;1,9;;;;0;0;0;8;;;;;;;;;;;;;;
Newham;E05000489;Plaistow North;;;-5;-5;-5;-5;17;;5,5;;;;0;0;0;22;;;;;;;;;;;;;;
Newham;E05000490;Plaistow South;;;15;15;15;15;17;;0,4;;;;0;0;0;1;;;;;;;;;;;;;;
Newham;E05000491;Royal Docks;;;17;17;17;17;23;;1,5;;;;0;0;0;6;;;;;;;;;;;;;;
Newham;E05000492;Stratford and New Town;;;-8;-8;-8;-8;-1;;1,9;;;;0;0;0;8;;;;;;;;;;;;;;
Newham;E05000493;Wall End;;;12;12;12;12;16;;0,8;;;;0;0;0;3;;;;;;;;;;;;;;
Newham;E05000494;West Ham;;;9;9;9;9;-1;;-2,4;;;;0;0;0;-10;;;;;;;;;;;;;;
Redbridge;E05000495;Aldborough;;;-2;-2;-2;-2;5;;1,6;;;;0;0;0;6;;;;;;;;;;;;;;
Redbridge;E05000496;Barkingside;;;0;0;0;0;5;;1,0;;;;0;0;0;4;;;;;;;;;;;;;;
Redbridge;E05000497;Bridge;;;-12;-12;-12;-12;6;;4,5;;;;0;0;0;18;;;;;;;;;;;;;;
Redbridge;E05000498;Chadwell;;;7;7;7;7;5;;-0,6;;;;0;0;0;-2;;;;;;;;;;;;;;
Redbridge;E05000499;Church End;;;4;4;4;4;6;;0,6;;;;0;0;0;3;;;;;;;;;;;;;;
Redbridge;E05000500;Clayhall;;;8;8;8;8;5;;-1,0;;;;0;0;0;-4;;;;;;;;;;;;;;
Redbridge;E05000501;Clementswood;;;3;3;3;3;9;;1,3;;;;0;0;0;5;;;;;;;;;;;;;;
Redbridge;E05000502;Cranbrook;;;10;10;10;10;9;;-0,2;;;;0;0;0;-1;;;;;;;;;;;;;;
Redbridge;E05000503;Fairlop;;;3;3;3;3;6;;0,9;;;;0;0;0;4;;;;;;;;;;;;;;
Redbridge;E05000504;Fullwell;;;-27;-27;-27;-27;6;;8,3;;;;0;0;0;33;;;;;;;;;;;;;;
Redbridge;E05000505;Goodmayes;;;10;10;10;10;5;;-1,3;;;;0;0;0;-5;;;;;;;;;;;;;;
Redbridge;E05000506;Hainault;;;11;11;11;11;6;;-1,1;;;;0;0;0;-4;;;;;;;;;;;;;;
Redbridge;E05000507;Loxford;;;8;8;8;8;9;;0,2;;;;0;0;0;1;;;;;;;;;;;;;;
Redbridge;E05000508;Mayfield;;;1;1;1;1;9;;2,0;;;;0;0;0;8;;;;;;;;;;;;;;
Redbridge;E05000509;Monkhams;;;8;8;8;8;6;;-0,3;;;;0;0;0;-1;;;;;;;;;;;;;;
Redbridge;E05000510;Newbury;;;-5;-5;-5;-5;5;;2,4;;;;0;0;0;10;;;;;;;;;;;;;;
Redbridge;E05000511;Roding;;;3;3;3;3;6;;0,8;;;;0;0;0;3;;;;;;;;;;;;;;
Redbridge;E05000512;Seven Kings;;;12;12;12;12;5;;-1,9;;;;0;0;0;-8;;;;;;;;;;;;;;
Redbridge;E05000513;Snaresbrook;;;3;3;3;3;6;;0,7;;;;0;0;0;3;;;;;;;;;;;;;;
Redbridge;E05000514;Valentines;;;-1;-1;-1;-1;9;;2,4;;;;0;0;0;10;;;;;;;;;;;;;;
Redbridge;E05000515;Wanstead;;;19;19;19;19;6;;-3,1;;;;0;0;0;-12;;;;;;;;;;;;;;
Richmond upon Thames;E05000516;Barnes;;;10;10;10;10;-2;;-3,0;;;;0;0;0;-12;;;;;;;;;;;;;;
Richmond upon Thames;E05000517;East Sheen;;;6;6;6;6;-2;;-2,0;;;;0;0;0;-8;;;;;;;;;;;;;;
Richmond upon Thames;E05000518;Fulwell and Hampton Hill;;;4;4;4;4;-6;;-2,4;;;;0;0;0;-9;;;;;;;;;;;;;;
Richmond upon Thames;E05000519;Ham, Petersham and Richmond Riverside;;;-10;-10;-10;-10;-2;;2,1;;;;0;0;0;8;;;;;;;;;;;;;;
Richmond upon Thames;E05000520;Hampton;;;-5;-5;-5;-5;-6;;-0,1;;;;0;0;0;0;;;;;;;;;;;;;;
Richmond upon Thames;E05000521;Hampton North;;;-8;-8;-8;-8;-6;;0,6;;;;0;0;0;2;;;;;;;;;;;;;;
Richmond upon Thames;E05000522;Hampton Wick;;;12;12;12;12;-6;;-4,3;;;;0;0;0;-17;;;;;;;;;;;;;;
Richmond upon Thames;E05000523;Heathfield;;;16;16;16;16;-6;;-5,6;;;;0;0;0;-22;;;;;;;;;;;;;;
Richmond upon Thames;E05000524;Kew;;;9;9;9;9;-2;;-2,7;;;;0;0;0;-11;;;;;;;;;;;;;;
Richmond upon Thames;E05000525;Mortlake and Barnes Common;;;22;22;22;22;-2;;-5,9;;;;0;0;0;-24;;;;;;;;;;;;;;
Richmond upon Thames;E05000526;North Richmond;;;7;7;7;7;-2;;-2,3;;;;0;0;0;-9;;;;;;;;;;;;;;
Richmond upon Thames;E05000527;St Margarets and North Twickenham;;;-3;-3;-3;-3;-6;;-0,8;;;;0;0;0;-3;;;;;;;;;;;;;;
Richmond upon Thames;E05000528;South Richmond;;;-4;-4;-4;-4;-2;;0,5;;;;0;0;0;2;;;;;;;;;;;;;;
Richmond upon Thames;E05000529;South Twickenham;;;5;5;5;5;-6;;-2,7;;;;0;0;0;-11;;;;;;;;;;;;;;
Richmond upon Thames;E05000530;Teddington;;;8;8;8;8;-6;;-3,5;;;;0;0;0;-14;;;;;;;;;;;;;;
Richmond upon Thames;E05000531;Twickenham Riverside;;;-1;-1;-1;-1;-6;;-1,2;;;;0;0;0;-5;;;;;;;;;;;;;;
Richmond upon Thames;E05000532;West Twickenham;;;1;1;1;1;-6;;-1,9;;;;0;0;0;-8;;;;;;;;;;;;;;
Richmond upon Thames;E05000533;Whitton;;;5;5;5;5;-6;;-2,8;;;;0;0;0;-11;;;;;;;;;;;;;;
Southwark;E05000534;Brunswick Park;;;1;1;1;1;0;;-0,2;;;;0;0;0;-1;;;;;;;;;;;;;;
Southwark;E05000535;Camberwell Green;;;-3;-3;-3;-3;0;;0,8;;;;0;0;0;3;;;;;;;;;;;;;;
Southwark;E05000536;Cathedrals;;;-13;-13;-13;-13;3;;3,9;;;;0;0;0;16;;;;;;;;;;;;;;
Southwark;E05000537;Chaucer;;;14;14;14;14;3;;-2,8;;;;0;0;0;-11;;;;;;;;;;;;;;
Southwark;E05000538;College;;;-6;-6;-6;-6;0;;1,6;;;;0;0;0;6;;;;;;;;;;;;;;
Southwark;E05000539;East Dulwich;;;4;4;4;4;0;;-1,0;;;;0;0;0;-4;;;;;;;;;;;;;;
Southwark;E05000540;East Walworth;;;-10;-10;-10;-10;3;;3,2;;;;0;0;0;13;;;;;;;;;;;;;;
Southwark;E05000541;Faraday;;;9;9;9;9;3;;-1,6;;;;0;0;0;-7;;;;;;;;;;;;;;
Southwark;E05000542;Grange;;;4;4;4;4;17;;3,5;;;;0;0;0;14;;;;;;;;;;;;;;
Southwark;E05000543;Livesey;;;1;1;1;1;-2;;-1,0;;;;0;0;0;-4;;;;;;;;;;;;;;
Southwark;E05000544;Newington;;;-2;-2;-2;-2;3;;1,2;;;;0;0;0;5;;;;;;;;;;;;;;
Southwark;E05000545;Nunhead;;;10;10;10;10;-2;;-3,2;;;;0;0;0;-13;;;;;;;;;;;;;;
Southwark;E05000546;Peckham;;;2;2;2;2;-2;;-1,0;;;;0;0;0;-4;;;;;;;;;;;;;;
Southwark;E05000547;Peckham Rye;;;1;1;1;1;-2;;-0,9;;;;0;0;0;-3;;;;;;;;;;;;;;
Southwark;E05000548;Riverside;;;23;23;23;23;17;;-1,5;;;;0;0;0;-6;;;;;;;;;;;;;;
Southwark;E05000549;Rotherhithe;;;-3;-3;-3;-3;17;;5,2;;;;0;0;0;21;;;;;;;;;;;;;;
Southwark;E05000550;South Bermondsey;;;20;20;20;20;17;;-0,7;;;;0;0;0;-3;;;;;;;;;;;;;;
Southwark;E05000551;South Camberwell;;;-7;-7;-7;-7;0;;1,8;;;;0;0;0;7;;;;;;;;;;;;;;
Southwark;E05000552;Surrey Docks;;;9;9;9;9;17;;2,0;;;;0;0;0;8;;;;;;;;;;;;;;
Southwark;E05000553;The Lane;;;-3;-3;-3;-3;-2;;0,1;;;;0;0;0;1;;;;;;;;;;;;;;
Southwark;E05000554;Village;;;3;3;3;3;0;;-0,7;;;;0;0;0;-3;;;;;;;;;;;;;;
Sutton;E05000555;Beddington North;;;10;10;10;10;7;;-0,6;;;;0;0;0;-2;;;;;;;;;;;;;;
Sutton;E05000556;Beddington South;;;-1;-1;-1;-1;7;;2,2;;;;0;0;0;9;;;;;;;;;;;;;;
Sutton;E05000557;Belmont;;;18;18;18;18;6;;-3,0;;;;0;0;0;-12;;;;;;;;;;;;;;
Sutton;E05000558;Carshalton Central;;;2;2;2;2;7;;1,4;;;;0;0;0;5;;;;;;;;;;;;;;
Sutton;E05000559;Carshalton South and Clockhouse;;;15;15;15;15;7;;-1,9;;;;0;0;0;-8;;;;;;;;;;;;;;
Sutton;E05000560;Cheam;;;6;6;6;6;6;;0,0;;;;0;0;0;0;;;;;;;;;;;;;;
Sutton;E05000561;Nonsuch;;;9;9;9;9;8;;-0,1;;;;0;0;0;0;;;;;;;;;;;;;;
Sutton;E05000562;St Helier;;;5;5;5;5;8;;0,8;;;;0;0;0;3;;;;;;;;;;;;;;
Sutton;E05000563;Stonecot;;;14;14;14;14;8;;-1,5;;;;0;0;0;-6;;;;;;;;;;;;;;
Sutton;E05000564;Sutton Central;;;7;7;7;7;6;;-0,1;;;;0;0;0;0;;;;;;;;;;;;;;
Sutton;E05000565;Sutton North;;;10;10;10;10;6;;-0,8;;;;0;0;0;-3;;;;;;;;;;;;;;
Sutton;E05000566;Sutton South;;;10;10;10;10;6;;-1,1;;;;0;0;0;-4;;;;;;;;;;;;;;
Sutton;E05000567;Sutton West;;;13;13;13;13;6;;-1,6;;;;0;0;0;-6;;;;;;;;;;;;;;
Sutton;E05000568;The Wrythe;;;-1;-1;-1;-1;8;;2,2;;;;0;0;0;9;;;;;;;;;;;;;;
Sutton;E05000569;Wallington North;;;11;11;11;11;7;;-0,8;;;;0;0;0;-3;;;;;;;;;;;;;;
Sutton;E05000570;Wallington South;;;10;10;10;10;7;;-0,7;;;;0;0;0;-3;;;;;;;;;;;;;;
Sutton;E05000571;Wandle Valley;;;12;12;12;12;8;;-0,9;;;;0;0;0;-4;;;;;;;;;;;;;;
Sutton;E05000572;Worcester Park;;;12;12;12;12;8;;-1,0;;;;0;0;0;-4;;;;;;;;;;;;;;
Tower Hamlets;E05000573;Bethnal Green North;;;14;14;14;14;8;;-1,6;;;;0;0;0;-6;;;;;;;;;;;;;;
Tower Hamlets;E05000574;Bethnal Green South;;;1;1;1;1;8;;1,9;;;;0;0;0;8;;;;;;;;;;;;;;
Tower Hamlets;E05000575;Blackwall and Cubitt Town;;;6;6;6;6;35;;7,3;;;;0;0;0;29;;;;;;;;;;;;;;
Tower Hamlets;E05000576;Bow East;;;6;6;6;6;3;;-0,7;;;;0;0;0;-3;;;;;;;;;;;;;;
Tower Hamlets;E05000577;Bow West;;;11;11;11;11;3;;-2,0;;;;0;0;0;-8;;;;;;;;;;;;;;
Tower Hamlets;E05000578;Bromley-by-Bow;;;-16;-16;-16;-16;3;;4,9;;;;0;0;0;20;;;;;;;;;;;;;;
Tower Hamlets;E05000579;East India and Lansbury;;;3;3;3;3;35;;8,1;;;;0;0;0;33;;;;;;;;;;;;;;
Tower Hamlets;E05000580;Limehouse;;;20;20;20;20;35;;3,7;;;;0;0;0;15;;;;;;;;;;;;;;
Tower Hamlets;E05000581;Mile End and Globe Town;;;14;14;14;14;8;;-1,3;;;;0;0;0;-5;;;;;;;;;;;;;;
Tower Hamlets;E05000582;Mile End East;;;1;1;1;1;3;;0,5;;;;0;0;0;2;;;;;;;;;;;;;;
Tower Hamlets;E05000583;Millwall;;;5;5;5;5;35;;7,6;;;;0;0;0;30;;;;;;;;;;;;;;
Tower Hamlets;E05000584;St Dunstan's and Stepney Green;;;-4;-4;-4;-4;19;;5,9;;;;0;0;0;24;;;;;;;;;;;;;;
Tower Hamlets;E05000585;St Katharine's and Wapping;;;0;0;0;0;19;;4,8;;;;0;0;0;19;;;;;;;;;;;;;;
Tower Hamlets;E05000586;Shadwell;;;11;11;11;11;19;;2,0;;;;0;0;0;8;;;;;;;;;;;;;;
Tower Hamlets;E05000587;Spitalfields and Banglatown;;;-16;-16;-16;-16;8;;5,9;;;;0;0;0;24;;;;;;;;;;;;;;
Tower Hamlets;E05000588;Weavers;;;3;3;3;3;8;;1,2;;;;0;0;0;5;;;;;;;;;;;;;;
Tower Hamlets;E05000589;Whitechapel;;;2;2;2;2;19;;4,4;;;;0;0;0;18;;;;;;;;;;;;;;
Waltham Forest;E05000590;Cann Hall;;;5;5;5;5;4;;-0,2;;;;0;0;0;-1;;;;;;;;;;;;;;
Waltham Forest;E05000591;Cathall;;;-2;-2;-2;-2;4;;1,6;;;;0;0;0;6;;;;;;;;;;;;;;
Waltham Forest;E05000592;Chapel End;;;4;4;4;4;5;;0,3;;;;0;0;0;1;;;;;;;;;;;;;;
Waltham Forest;E05000593;Chingford Green;;;13;13;13;13;5;;-2,0;;;;0;0;0;-8;;;;;;;;;;;;;;
Waltham Forest;E05000594;Endlebury;;;-6;-6;-6;-6;5;;2,7;;;;0;0;0;11;;;;;;;;;;;;;;
Waltham Forest;E05000595;Forest;;;1;1;1;1;4;;0,7;;;;0;0;0;3;;;;;;;;;;;;;;
Waltham Forest;E05000596;Grove Green;;;-8;-8;-8;-8;4;;3,0;;;;0;0;0;12;;;;;;;;;;;;;;
Waltham Forest;E05000597;Hale End and Highams Park;;;3;3;3;3;5;;0,4;;;;0;0;0;2;;;;;;;;;;;;;;
Waltham Forest;E05000598;Hatch Lane;;;0;0;0;0;5;;1,2;;;;0;0;0;5;;;;;;;;;;;;;;
Waltham Forest;E05000599;High Street;;;-2;-2;-2;-2;5;;1,8;;;;0;0;0;7;;;;;;;;;;;;;;
Waltham Forest;E05000600;Higham Hill;;;12;12;12;12;5;;-1,8;;;;0;0;0;-7;;;;;;;;;;;;;;
Waltham Forest;E05000601;Hoe Street;;;-5;-5;-5;-5;5;;2,5;;;;0;0;0;10;;;;;;;;;;;;;;
Waltham Forest;E05000602;Larkswood;;;6;6;6;6;5;;-0,1;;;;0;0;0;0;;;;;;;;;;;;;;
Waltham Forest;E05000603;Lea Bridge;;;8;8;8;8;4;;-0,9;;;;0;0;0;-4;;;;;;;;;;;;;;
Waltham Forest;E05000604;Leyton;;;5;5;5;5;4;;-0,1;;;;0;0;0;-1;;;;;;;;;;;;;;
Waltham Forest;E05000605;Leytonstone;;;-12;-12;-12;-12;4;;4,1;;;;0;0;0;16;;;;;;;;;;;;;;
Waltham Forest;E05000606;Markhouse;;;12;12;12;12;5;;-1,7;;;;0;0;0;-7;;;;;;;;;;;;;;
Waltham Forest;E05000607;Valley;;;2;2;2;2;5;;0,7;;;;0;0;0;3;;;;;;;;;;;;;;
Waltham Forest;E05000608;William Morris;;;-8;-8;-8;-8;5;;3,3;;;;0;0;0;13;;;;;;;;;;;;;;
Waltham Forest;E05000609;Wood Street;;;4;4;4;4;5;;0,3;;;;0;0;0;1;;;;;;;;;;;;;;
Wandsworth;E05000610;Balham;;;-8;-8;-8;-8;-9;;-0,3;;;;0;0;0;-1;;;;;;;;;;;;;;
Wandsworth;E05000611;Bedford;;;-12;-12;-12;-12;-2;;2,4;;;;0;0;0;10;;;;;;;;;;;;;;
Wandsworth;E05000612;Earlsfield;;;-11;-11;-11;-11;-2;;2,2;;;;0;0;0;9;;;;;;;;;;;;;;
Wandsworth;E05000613;East Putney;;;9;9;9;9;15;;1,7;;;;0;0;0;7;;;;;;;;;;;;;;
Wandsworth;E05000614;Fairfield;;;0;0;0;0;15;;3,9;;;;0;0;0;15;;;;;;;;;;;;;;
Wandsworth;E05000615;Furzedown;;;-7;-7;-7;-7;-2;;1,2;;;;0;0;0;5;;;;;;;;;;;;;;
Wandsworth;E05000616;Graveney;;;-14;-14;-14;-14;-2;;3,1;;;;0;0;0;13;;;;;;;;;;;;;;
Wandsworth;E05000617;Latchmere;;;-16;-16;-16;-16;-9;;1,5;;;;0;0;0;6;;;;;;;;;;;;;;
Wandsworth;E05000618;Nightingale;;;-1;-1;-1;-1;-2;;-0,3;;;;0;0;0;-1;;;;;;;;;;;;;;
Wandsworth;E05000619;Northcote;;;-2;-2;-2;-2;-9;;-1,8;;;;0;0;0;-7;;;;;;;;;;;;;;
Wandsworth;E05000620;Queenstown;;;-13;-13;-13;-13;-9;;0,9;;;;0;0;0;4;;;;;;;;;;;;;;
Wandsworth;E05000621;Roehampton;;;-13;-13;-13;-13;15;;7,2;;;;0;0;0;29;;;;;;;;;;;;;;
Wandsworth;E05000622;St Mary's Park;;;17;17;17;17;-9;;-6,6;;;;0;0;0;-26;;;;;;;;;;;;;;
Wandsworth;E05000623;Shaftesbury;;;0;0;0;0;-9;;-2,3;;;;0;0;0;-9;;;;;;;;;;;;;;
Wandsworth;E05000624;Southfields;;;0;0;0;0;15;;3,8;;;;0;0;0;15;;;;;;;;;;;;;;
Wandsworth;E05000625;Thamesfield;;;9;9;9;9;15;;1,6;;;;0;0;0;6;;;;;;;;;;;;;;
Wandsworth;E05000626;Tooting;;;-7;-7;-7;-7;-2;;1,2;;;;0;0;0;5;;;;;;;;;;;;;;
Wandsworth;E05000627;Wandsworth Common;;;-3;-3;-3;-3;-2;;0,2;;;;0;0;0;1;;;;;;;;;;;;;;
Wandsworth;E05000628;West Hill;;;9;9;9;9;15;;1,7;;;;0;0;0;7;;;;;;;;;;;;;;
Wandsworth;E05000629;West Putney;;;-8;-8;-8;-8;15;;5,9;;;;0;0;0;24;;;;;;;;;;;;;;
Westminster;E05000630;Abbey Road;;;19;19;19;19;16;;-0,9;;;;0;0;0;-3;;;;;;;;;;;;;;
Westminster;E05000631;Bayswater;;;13;13;13;13;13;;0,0;;;;0;0;0;0;;;;;;;;;;;;;;
Westminster;E05000632;Bryanston and Dorset Square;;;15;15;15;15;13;;-0,5;;;;0;0;0;-2;;;;;;;;;;;;;;
Westminster;E05000633;Churchill;;;13;13;13;13;16;;0,7;;;;0;0;0;3;;;;;;;;;;;;;;
Westminster;E05000634;Church Street;;;16;16;16;16;16;;-0,1;;;;0;0;0;0;;;;;;;;;;;;;;
Westminster;E05000635;Harrow Road;;;12;12;12;12;16;;0,9;;;;0;0;0;3;;;;;;;;;;;;;;
Westminster;E05000636;Hyde Park;;;3;3;3;3;13;;2,5;;;;0;0;0;10;;;;;;;;;;;;;;
Westminster;E05000637;Knightsbridge and Belgravia;;;-13;-13;-13;-13;16;;7,2;;;;0;0;0;29;;;;;;;;;;;;;;
Westminster;E05000638;Lancaster Gate;;;9;9;9;9;13;;0,9;;;;0;0;0;4;;;;;;;;;;;;;;
Westminster;E05000639;Little Venice;;;17;17;17;17;16;;-0,3;;;;0;0;0;-1;;;;;;;;;;;;;;
Westminster;E05000640;Maida Vale;;;1;1;1;1;16;;3,6;;;;0;0;0;15;;;;;;;;;;;;;;
Westminster;E05000641;Marylebone High Street;;;9;9;9;9;13;;1,0;;;;0;0;0;4;;;;;;;;;;;;;;
Westminster;E05000642;Queen's Park;;;-3;-3;-3;-3;16;;4,7;;;;0;0;0;19;;;;;;;;;;;;;;
Westminster;E05000643;Regent's Park;;;3;3;3;3;16;;3,1;;;;0;0;0;12;;;;;;;;;;;;;;
Westminster;E05000644;St James's;;;11;11;11;11;16;;1,4;;;;0;0;0;6;;;;;;;;;;;;;;
Westminster;E05000645;Tachbrook;;;0;0;0;0;16;;3,9;;;;0;0;0;16;;;;;;;;;;;;;;
Westminster;E05000646;Vincent Square;;;-2;-2;-2;-2;16;;4,5;;;;0;0;0;18;;;;;;;;;;;;;;
Westminster;E05000647;Warwick;;;17;17;17;17;16;;-0,3;;;;0;0;0;-1;;;;;;;;;;;;;;
Westminster;E05000648;Westbourne;;;11;11;11;11;16;;1,1;;;;0;0;0;4;;;;;;;;;;;;;;
Westminster;E05000649;West End;;;3;3;3;3;16;;3,3;;;;0;0;0;13;;;;;;;;;;;;;;
London;E12000007;LONDON;;;0;0;0;0;0;;0,0;;;;0;0;0;0;;;;;;;;;;;;;;
;;;;;;;;;;;;;;;;;;;;;;;;;;;;;;;;
Barking and Dagenham;E09000002;BARKING AND DAGENHAM;;;0;0;0;0;1;;0,2;;;;0;0;0;1;;;;;;;;;;;;;;
Barnet;E09000003;BARNET;;;-10;-10;-10;-10;-14;;-1,1;;;;0;0;0;-4;;;;;;;;;;;;;;
Bexley;E09000004;BEXLEY;;;8;8;8;8;9;;0,2;;;;0;0;0;1;;;;;;;;;;;;;;
Brent;E09000005;BRENT;;;-6;-6;-6;-6;-11;;-1,3;;;;0;0;0;-5;;;;;;;;;;;;;;
Bromley;E09000006;BROMLEY;;;2;2;2;2;3;;0,2;;;;0;0;0;1;;;;;;;;;;;;;;
Camden;E09000007;CAMDEN;;;-1;-1;-1;-1;0;;0,2;;;;0;0;0;1;;;;;;;;;;;;;;
Croydon;E09000008;CROYDON;;;0;0;0;0;-2;;-0,6;;;;0;0;0;-2;;;;;;;;;;;;;;
Ealing;E09000009;EALING;;;2;2;2;2;12;;2,4;;;;0;0;0;10;;;;;;;;;;;;;;
Enfield;E09000010;ENFIELD;;;-6;-6;-6;-6;-15;;-2,3;;;;0;0;0;-9;;;;;;;;;;;;;;
Greenwich;E09000011;GREENWICH;;;3;3;3;3;6;;0,7;;;;0;0;0;3;;;;;;;;;;;;;;
Hackney;E09000012;HACKNEY;;;-10;-10;-10;-10;-8;;0,4;;;;0;0;0;2;;;;;;;;;;;;;;
Hammersmith and Fulham;E09000013;HAMMERSMITH AND FULHAM;;;4;4;4;4;7;;0,7;;;;0;0;0;3;;;;;;;;;;;;;;
Haringey;E09000014;HARINGEY;;;-7;-7;-7;-7;-9;;-0,4;;;;0;0;0;-2;;;;;;;;;;;;;;
Harrow;E09000015;HARROW;;;-6;-6;-6;-6;-10;;-1,0;;;;0;0;0;-4;;;;;;;;;;;;;;
Havering;E09000016;HAVERING;;;4;4;4;4;7;;0,9;;;;0;0;0;4;;;;;;;;;;;;;;
Hillingdon;E09000017;HILLINGDON;;;-5;-5;-5;-5;-11;;-1,5;;;;0;0;0;-6;;;;;;;;;;;;;;
Hounslow;E09000018;HOUNSLOW;;;-6;-6;-6;-6;-7;;-0,4;;;;0;0;0;-1;;;;;;;;;;;;;;
Islington;E09000019;ISLINGTON;;;-2;-2;-2;-2;-4;;-0,5;;;;0;0;0;-2;;;;;;;;;;;;;;
Kensington and Chelsea;E09000020;KENSINGTON AND CHELSEA;;;7;7;7;7;7;;-0,1;;;;0;0;0;0;;;;;;;;;;;;;;
Kingston upon Thames;E09000021;KINGSTON UPON THAMES;;;1;1;1;1;-7;;-1,8;;;;0;0;0;-7;;;;;;;;;;;;;;
Lambeth;E09000022;LAMBETH;;;-2;-2;-2;-2;-2;;0,1;;;;0;0;0;1;;;;;;;;;;;;;;
Lewisham;E09000023;LEWISHAM;;;-1;-1;-1;-1;1;;0,5;;;;0;0;0;2;;;;;;;;;;;;;;
Merton;E09000024;MERTON;;;0;0;0;0;-1;;-0,3;;;;0;0;0;-1;;;;;;;;;;;;;;
Newham;E09000025;NEWHAM;;;4;4;4;4;12;;1,9;;;;0;0;0;8;;;;;;;;;;;;;;
Redbridge;E09000026;REDBRIDGE;;;2;2;2;2;6;;1,0;;;;0;0;0;4;;;;;;;;;;;;;;
Richmond upon Thames;E09000027;RICHMOND UPON THAMES;;;3;3;3;3;-5;;-2,1;;;;0;0;0;-8;;;;;;;;;;;;;;
Southwark;E09000028;SOUTHWARK;;;3;3;3;3;4;;0,3;;;;0;0;0;1;;;;;;;;;;;;;;
Sutton;E09000029;SUTTON;;;9;9;9;9;7;;-0,6;;;;0;0;0;-2;;;;;;;;;;;;;;
Tower Hamlets;E09000030;TOWER HAMLETS;;;5;5;5;5;14;;2,4;;;;0;0;0;10;;;;;;;;;;;;;;
Waltham Forest;E09000031;WALTHAM FOREST;;;1;1;1;1;5;;1,1;;;;0;0;0;4;;;;;;;;;;;;;;
Wandsworth;E09000032;WANDSWORTH;;;-4;-4;-4;-4;0;;1,0;;;;0;0;0;4;;;;;;;;;;;;;;
Westminster;E09000033;WESTMINSTER;;;8;8;8;8;16;;1,9;;;;0;0;0;8;;;;;;;;;;;;;;
;;;;;;;;;;;;;;;;;;;;;;;;;;;;;;;;
;;;;;;;;;;;;;;;;;;;;;;;;;;;;;;;;
;;;;;;;;;;;;;;;;;;;;;;;;;;;;;;;;
;;;;;;;;;;;;;;;;;;;;;;;;;;;;;;;;
;;;;;;;;;;;;;;;;;;;;;;;;;;;;;;;;
;;;;;;;;;;;;;;;;;;;;;;;;;;;;;;;;
;;;;;;;;;;;;;;;;;;;;;;;;;;;;;;;;
;;;;;;;;;;;;;;;;;;;;;;;;;;;;;;;;
;;;;;;;;;;;;;;;;;;;;;;;;;;;;;;;;
;;;;;;;;;;;;;;;;;;;;;;;;;;;;;;;;
;;;;;;;;;;;;;;;;;;;;;;;;;;;;;;;;
;;;;;;;;;;;;;;;;;;;;;;;;;;;;;;;;
;;;;;;;;;;;;;;;;;;;;;;;;;;;;;;;;
;;;;;;;;;;;;;;;;;;;;;;;;;;;;;;;;
;;;;;;;;;;;;;;;;;;;;;;;;;;;;;;;;
;;;;;;;;;;;;;;;;;;;;;;;;;;;;;;;;
;;;;;;;;;;;;;;;;;;;;;;;;;;;;;;;;
;;;;;;;;;;;;;;;;;;;;;;;;;;;;;;;;
;;;;;;;;;;;;;;;;;;;;;;;;;;;;;;;;
;;;;;;;;;;;;;;;;;;;;;;;;;;;;;;;;
;;;;;;;;;;;;;;;;;;;;;;;;;;;;;;;;
;;;;;;;;;;;;;;;;;;;;;;;;;;;;;;;;
;;;;;;;;;;;;;;;;;;;;;;;;;;;;;;;;
;;;;;;;;;;;;;;;;;;;;;;;;;;;;;;;;
;;;;;;;;;;;;;;;;;;;;;;;;;;;;;;;;
;;;;;;;;;;;;;;;;;;;;;;;;;;;;;;;;
;;;;;;;;;;;;;;;;;;;;;;;;;;;;;;;;
;;;;;;;;;;;;;;;;;;;;;;;;;;;;;;;;
